PatientID;N_Age;Age;Gender;N_Height_cm;Height_cm;N_Weight_kg;Weight_kg;Smoker;ExerciseFrequency;N_BloodPressure;BloodPressure;N_Cholesterol;Cholesterol;N_Income;Income;HasHealthInsurance;Diabetes;Transport_Automobile;Transport_Bicycle;Transport_Public Transport;Transport_Walking;Region_East;Region_North;Region_South;Region_West
1;0,5082;49;0;0,5823;172,2;0,4086;68,7;0;1;0,4576;117;0,3357;167;0,0499;3327,93;1;1;0;0;0;1;0;0;0;1
2;0,459;46;1;0,4444;165,5;0,5534;77,1;0;0,5;0,322;109;0,4857;188;0,206;9890,46;0;0;1;0;0;0;0;0;1;0
3;0,0656;22;0;0,3128;159,1;0,1879;55,9;0;0;0,339;110;0,3857;174;0,0872;4893,68;0;0;0;0;0;1;0;0;0;1
4;0,1148;25;0;0,2449;155,8;0,5138;74,8;0;0,5;0,3559;111;0,1357;139;0,1192;6242,89;1;0;0;0;0;1;1;0;0;0
5;0,5902;54;1;0,6049;173,3;0,8466;94,1;0;0;0,4237;115;0,65;211;0,054;3499,01;1;1;1;0;0;0;0;1;0;0
6;0,5738;53;0;0,4547;166;0,2534;59,7;1;1;0,6271;127;0,4929;189;0,0981;5353,32;1;0;1;0;0;0;0;0;0;1
7;0,5574;52;0;0,3477;160,8;0,2069;57;0;0,5;0,4407;116;0,6786;215;0,0358;2735,1;0;0;0;0;1;0;0;0;1;0
8;0,1475;27;0;0,3786;162,3;0,3345;64,4;1;0;0,4746;118;0,3214;165;0,1066;5709,81;0;0;1;0;0;0;0;1;0;0
9;0,5082;49;1;0,4979;168,1;0,4276;69,8;1;0;0,6271;127;0,5929;203;0,1262;6537,57;0;0;1;0;0;0;0;1;0;0
10;0,0492;21;1;0,8107;183,3;0,5121;74,7;0;1;0,2712;106;0,2214;151;0,1224;6376,07;1;0;1;0;0;0;1;0;0;0
11;0,1311;26;1;0,6914;177,5;0,3983;68,1;0;0;0,3051;108;0,2714;158;0,053;3457,18;1;0;1;0;0;0;0;1;0;0
12;0,4918;48;0;0,3292;159,9;0,2845;61,5;1;1;0,5763;124;0,4714;186;0,0797;4577,8;1;0;1;0;0;0;0;0;1;0
13;0,623;56;0;0,4383;165,2;0,15;53,7;0;1;0,4576;117;0,7214;221;0,1397;7105,31;1;0;1;0;0;0;0;1;0;0
14;0,6557;58;0;0,4486;165,7;0,1948;56,3;1;0,5;0,5593;123;0,6071;205;0,087;4886,74;0;0;0;0;1;0;0;0;1;0
15;0,9836;78;1;0,6955;177,7;0,7862;90,6;0;0;0,9492;146;0,5214;193;0,0827;4704,84;1;1;1;0;0;0;0;0;1;0
16;0,8525;70;1;0,5226;169,3;0,5828;78,8;0;0,5;0,6271;127;0,2643;157;0,3053;14069,07;1;0;0;0;0;1;1;0;0;0
17;0,377;41;0;0,1111;149,3;0,3431;64,9;0;1;0,3559;111;0,1571;142;0,0511;3376,2;1;0;1;0;0;0;0;0;1;0
18;0,7869;66;1;0,5556;170,9;0,5483;76,8;0;0;0,678;130;0,5071;191;0,1925;9322,72;1;1;0;0;1;0;0;1;0;0
19;0,082;23;0;0,3971;163,2;0,1966;56,4;1;0,5;0,2881;107;0,3429;168;0,0433;3049,28;1;0;0;0;0;1;1;0;0;0
20;0,8689;71;0;0,2449;155,8;0,1983;56,5;0;0;0,6271;127;0,5714;200;0,15;7535,58;1;0;1;0;0;0;0;0;1;0
21;0,377;41;0;0,3909;162,9;0,0466;47,7;0;0,5;0,3559;111;0,0786;131;0,1548;7739,38;0;0;0;0;1;0;1;0;0;0
22;0,7705;65;1;0,7449;180,1;0,8638;95,1;1;0,5;0,5085;120;0,6;204;0,0709;4208,31;0;1;1;0;0;0;0;1;0;0
23;0,9836;78;0;0,2058;153,9;0,731;87,4;0;0,5;0,678;130;0,7071;219;0,0411;2955,02;0;1;0;0;1;0;0;1;0;0
24;0,7049;61;0;0,4547;166;0,4121;68,9;0;0,5;0,4576;117;0,7214;221;0,019;2027,96;1;1;1;0;0;0;0;0;1;0
25;0,9344;75;0;0,3025;158,6;0,3224;63,7;0;0,5;0,5593;123;0,2786;159;0,0658;3993,58;1;0;1;0;0;0;0;0;1;0
26;0;18;1;0,9053;187,9;0,5569;77,3;0;0;0,2881;107;0,2643;157;0,1388;7066,42;1;0;1;0;0;0;0;0;1;0
27;0,1639;28;1;0,6029;173,2;0,7448;88,2;0;0;0,8305;139;0,3;162;0,0462;3169,05;1;0;0;0;1;0;0;0;0;1
28;0,623;56;1;0,644;175,2;0,4017;68,3;0;1;0,4068;114;0,4929;189;0,1064;5701,44;1;0;1;0;0;0;0;0;1;0
29;0,541;51;1;0,5638;171,3;0,6138;80,6;0;0,5;0,1864;101;0,2714;158;0,0325;2596,15;1;0;1;0;0;0;1;0;0;0
30;0,1148;25;0;0,3827;162,5;0,3034;62,6;0;0,5;0,0847;95;0,5786;201;0,0857;4832,19;1;0;1;0;0;0;1;0;0;0
31;0,7213;62;0;0,3189;159,4;0,2017;56,7;0;1;0,6271;127;0,5;190;0,0436;3060,94;1;0;1;0;0;0;0;1;0;0
32;0,0492;21;0;0,43;164,8;0,3259;63,9;0;0;0,5763;124;0,3714;172;0,095;5223,95;0;1;1;0;0;0;1;0;0;0
33;1;79;1;0,5041;168,4;0,7966;91,2;0;0;0,6441;128;0,8643;241;0,0713;4227,9;1;0;1;0;0;0;0;0;1;0
34;0,1475;27;1;0,8724;186,3;0,4862;73,2;0;0;0,5932;125;0,4143;178;0,042;2995,35;1;1;0;0;1;0;0;0;1;0
35;0,4426;45;1;0,7305;179,4;0,5069;74,4;1;1;0,661;129;0,5857;202;0,0637;3907,15;1;0;1;0;0;0;0;1;0;0
36;0,8361;69;1;0,9444;189,8;0,5621;77,6;0;0,5;0,5424;122;0,4143;178;0,0518;3404,73;1;0;1;0;0;0;0;0;0;1
37;0,5082;49;1;0,5741;171,8;0,5931;79,4;0;0,5;0,4237;115;0,2429;154;0,0378;2815,9;0;0;1;0;0;0;0;0;0;1
38;0,7541;64;1;0,6584;175,9;0,9086;97,7;0;0;0,661;129;0,4857;188;0,1927;9333,57;1;1;1;0;0;0;0;1;0;0
39;0,7049;61;1;0,5453;170,4;0,6862;84,8;0;0;0,7458;134;0,8714;242;0,0787;4536,51;0;1;1;0;0;0;1;0;0;0
40;0,9508;76;0;0,2819;157,6;0,5655;77,8;0;0,5;0,661;129;0,6429;210;0,0138;1806,03;0;1;0;0;0;1;0;0;0;1
41;0,459;46;1;0,3848;162,6;0,3207;63,6;0;0,5;0,339;110;0,4643;185;0,0654;3977,3;1;1;0;0;0;1;0;0;1;0
42;0,9836;78;0;0,142;150,8;0,2569;59,9;0;1;0,5932;125;0,4214;179;0,1748;8581,43;1;0;1;0;0;0;0;0;0;1
43;0,5246;50;0;0,2058;153,9;0,2534;59,7;1;1;0,8644;141;0,6786;215;0,0591;3711,98;1;1;1;0;0;0;1;0;0;0
44;0,9016;73;1;0,6317;174,6;0,9017;97,3;0;0,5;0,6271;127;0,35;169;0,2439;11485,86;1;1;1;0;0;0;0;0;0;1
45;0,7377;63;0;0,3642;161,6;0,1345;52,8;0;0,5;0,661;129;0,2714;158;0,055;3539,25;1;0;0;0;0;1;0;0;0;1
46;0,1311;26;0;0,2737;157,2;0,1741;55,1;0;1;0,3898;113;0,2571;156;0,1369;6986,28;0;0;1;0;0;0;0;1;0;0
47;0,6393;57;1;0,7449;180,1;0,7966;91,2;0;0,5;0,5424;122;0,75;225;0,1877;9120,86;1;0;0;0;0;1;0;0;1;0
48;0,8852;72;1;0,4712;166,8;0,5259;75,5;0;0,5;0,6102;126;0,8071;233;0,1326;6802,85;0;1;0;0;1;0;1;0;0;0
49;0,1148;25;0;0,5062;168,5;0,1552;54;0;1;0,4237;115;0,2714;158;0,0358;2731,9;1;0;0;0;1;0;0;1;0;0
50;0,8361;69;1;0,9383;189,5;0,7759;90;0;0;0,7627;135;0,5;190;0,0514;3390,61;0;0;0;1;0;0;0;0;1;0
51;0,0984;24;1;0,8539;185,4;0,4155;69,1;0;1;0,339;110;0,1;134;0,2026;9750,13;1;1;1;0;0;0;0;0;0;1
52;0,8852;72;1;0,4239;164,5;0,9534;100,3;0;0;0,5932;125;0,6214;207;0,0572;3632,56;1;1;0;0;0;1;0;1;0;0
53;0,7869;66;0;0,1996;153,6;0,4741;72,5;0;0,5;0,6102;126;0,5357;195;0,1812;8847,04;1;1;0;1;0;0;0;0;1;0
54;0,1475;27;0;0,3621;161,5;0,3741;66,7;0;1;0,3051;108;0,4571;184;0,075;4380,23;1;0;0;0;0;1;0;0;0;1
55;0,7377;63;0;0,2202;154,6;0,3552;65,6;0;0,5;0,4915;119;0,6286;208;0,1094;5829,69;0;0;0;1;0;0;0;0;1;0
56;0,1148;25;0;0,3601;161,4;0,2034;56,8;0;0,5;0,678;130;0,3071;163;0,0354;2716,08;1;0;1;0;0;0;0;0;1;0
57;0,5738;53;1;0,6955;177,7;0,5534;77,1;0;0,5;0,2712;106;0,5357;195;0,0661;4007,27;1;0;0;0;1;0;0;0;0;1
58;0,9344;75;0;0,4198;164,3;0,3793;67;0;0;0,8305;139;0,5214;193;0,0542;3506,41;1;0;0;1;0;0;0;0;1;0
59;0,1967;30;1;0,9156;188,4;0,6966;85,4;0;0;0,322;109;0,5071;191;0,1154;6080,24;1;0;1;0;0;0;0;1;0;0
60;0,1639;28;1;0,6029;173,2;0,5707;78,1;0;0;0,4407;116;0,35;169;0,1061;5690,76;1;0;1;0;0;0;0;1;0;0
61;0,4262;44;0;0,4424;165,4;0,2621;60,2;0;0,5;0,7627;135;0,4857;188;0,1336;6845,35;1;0;0;0;1;0;0;0;0;1
62;0,3607;40;1;0,4568;166,1;0,6207;81;0;0,5;0,2712;106;0,4571;184;0,0719;4250,27;1;0;1;0;0;0;0;0;1;0
63;0,0492;21;0;0,2778;157,4;0,2414;59;1;0;0,4237;115;0,5071;191;0,0519;3411,42;1;0;0;1;0;0;1;0;0;0
64;0,459;46;0;0,3745;162,1;0,3466;65,1;0;1;0,4237;115;0,5357;195;0,1123;5951,3;1;0;1;0;0;0;0;1;0;0
65;0,2623;34;0;0,3951;163,1;0,2638;60,3;1;0,5;0,3898;113;0,2571;156;0,048;3246,09;0;0;1;0;0;0;0;0;1;0
66;0,1148;25;0;0,5638;171,3;0,4655;72;0;0,5;0,4237;115;0,1857;146;0,1922;9313,42;1;0;0;0;1;0;0;0;0;1
67;0,2787;35;0;0,1893;153,1;0,2776;61,1;0;0,5;0,2881;107;0,3429;168;0,0928;5129,37;1;0;1;0;0;0;1;0;0;0
68;0,0164;19;1;0,4403;165,3;0,6879;84,9;0;0;0,4576;117;0,1786;145;0,0805;4614,38;1;0;1;0;0;0;0;0;0;1
69;0,918;74;1;0,6132;173,7;0,6638;83,5;0;0,5;0,4237;115;0,4857;188;0,1335;6843,73;1;0;0;0;0;1;0;0;1;0
70;1;79;1;0,7613;180,9;0,7552;88,8;1;0,5;0,5254;121;0,6214;207;0,0951;5228,18;1;1;1;0;0;0;1;0;0;0
71;0,3607;40;1;0,5782;172;0,6707;83,9;0;0;0,4746;118;0,6571;212;0,0272;2370,78;1;0;0;0;1;0;0;0;0;1
72;0,8852;72;1;0,6049;173,3;0,2845;61,5;0;1;0,3729;112;0,5571;198;0,0468;3194,82;1;0;1;0;0;0;0;0;1;0
73;0,459;46;0;0,0309;145,4;0,3793;67;0;1;0,6441;128;0,5714;200;0,19;9217,46;1;0;1;0;0;0;0;0;1;0
74;0,918;74;1;0,5473;170,5;0,6276;81,4;1;0,5;0,5254;121;0,6929;217;0,1055;5664,32;1;1;0;0;1;0;0;0;0;1
75;0,1639;28;1;0,893;187,3;0,5086;74,5;1;1;0,322;109;0,3786;173;0,0265;2343,07;0;0;0;0;1;0;0;0;1;0
76;0,2787;35;1;0,6502;175,5;0,5138;74,8;0;1;0,4237;115;0,4;176;0,1248;6477,28;1;0;1;0;0;0;1;0;0;0
77;0,7377;63;1;0,4959;168;0,5052;74,3;0;0,5;0,4576;117;0,6;204;0,0685;4106,68;1;0;1;0;0;0;0;0;0;1
78;0,2131;31;0;0,4856;167,5;0,1948;56,3;0;0,5;0,1356;98;0,5286;194;0,0542;3507,82;1;0;1;0;0;0;0;1;0;0
79;0,8361;69;0;0,1564;151,5;0,5103;74,6;1;0,5;0,9831;148;0,6143;206;0,0437;3064,27;1;0;1;0;0;0;0;0;1;0
80;0,4262;44;0;0,2099;154,1;0,4172;69,2;0;0;0,3898;113;0,25;155;0,1837;8954,98;0;0;1;0;0;0;0;1;0;0
81;0,4098;43;0;0,3436;160,6;0,5845;78,9;0;0;0,4915;119;0,2357;153;0,0191;2032,97;1;0;0;1;0;0;0;0;1;0
82;0,459;46;1;0,6193;174;0,6466;82,5;0;0;0,5085;120;0,45;183;0,0558;3573,26;1;1;0;0;1;0;0;1;0;0
83;0,8033;67;0;0,3354;160,2;0,5552;77,2;0;0,5;0,661;129;0,1786;145;0,1079;5767,9;1;0;0;0;1;0;1;0;0;0
84;0;18;1;0,6255;174,3;0,4328;70,1;0;1;0,322;109;0,5643;199;0,2551;11958,31;1;0;0;0;1;0;0;1;0;0
85;0,7541;64;1;0,6337;174,7;0,5328;75,9;0;1;0,4237;115;0,5857;202;0,1412;7164,75;0;0;0;0;1;0;1;0;0;0
86;0,7869;66;1;0,7325;179,5;0,5672;77,9;0;0,5;0,5085;120;0,4214;179;0,0554;3558,12;1;0;1;0;0;0;0;0;1;0
87;0,8197;68;0;0,4403;165,3;0,5534;77,1;0;0;0,6271;127;0,4357;181;0,2482;11668,83;0;0;0;0;1;0;0;0;1;0
88;1;79;1;0,6687;176,4;0,8172;92,4;0;0,5;0,7288;133;0,7143;220;0,0364;2758,49;1;0;0;0;1;0;0;0;1;0
89;0,7869;66;1;0,6337;174,7;0,6121;80,5;1;0,5;0,5254;121;0,4571;184;0,1183;6202,25;0;1;1;0;0;0;1;0;0;0
90;0,5246;50;0;0,1934;153,3;0,3224;63,7;1;1;0,8644;141;0,4071;177;0,1356;6931,92;1;1;1;0;0;0;0;0;1;0
91;0,459;46;1;0,7798;181,8;0,4534;71,3;1;1;0,4746;118;0,4214;179;0,0539;3496,24;1;0;0;1;0;0;0;0;1;0
92;0,3934;42;0;0,3313;160;0,2466;59,3;0;1;0,4068;114;0,4214;179;0,1539;7698,62;0;0;1;0;0;0;0;0;0;1
93;0,8361;69;1;0,8189;183,7;0,7431;88,1;0;1;0,4068;114;0,6143;206;0,0707;4200,9;1;1;0;1;0;0;1;0;0;0
94;0,3934;42;1;0,6029;173,2;0,6017;79,9;1;1;0,3729;112;0,6857;216;0,1536;7689,19;1;0;0;1;0;0;0;1;0;0
95;0,5738;53;1;0,5103;168,7;0,5966;79,6;1;0,5;0,4915;119;0,7143;220;0,0223;2165,06;0;1;1;0;0;0;0;0;0;1
96;0,082;23;0;0,5391;170,1;0,4345;70,2;0;0;0,2712;106;0,4;176;0,1235;6422,02;1;0;1;0;0;0;0;0;1;0
97;0,3115;37;1;0,6111;173,6;0,55;76,9;0;0;0,4237;115;0,6071;205;0,0759;4420,23;0;0;0;1;0;0;0;1;0;0
98;0,2623;34;1;0,8621;185,8;0,5121;74,7;0;0,5;0,2373;104;0,2786;159;0,2003;9651,34;1;0;0;0;1;0;0;0;1;0
99;0,4262;44;1;0,6893;177,4;0,7086;86,1;0;0;0,6102;126;0,2286;152;0,0971;5313,52;0;1;0;0;1;0;0;1;0;0
100;0,5082;49;0;0,1029;148,9;0,5897;79,2;0;0;0,4407;116;0,4143;178;0,212;10143,77;0;1;0;0;0;1;0;0;1;0
101;0,7213;62;0;0,5062;168,5;0,3845;67,3;0;1;0,4068;114;0,3786;173;0,1373;7000,99;1;0;0;0;0;1;1;0;0;0
102;0,4262;44;0;0,3868;162,7;0,3052;62,7;0;0;0,4746;118;0,4;176;0,092;5096,18;1;0;1;0;0;0;0;1;0;0
103;0,1475;27;1;0,7531;180,5;0,5328;75,9;0;1;0,4576;117;0,2071;149;0,1623;8053,28;1;0;0;0;1;0;0;0;0;1
104;0,541;51;0;0,5165;169;0,2397;58,9;0;1;0,4915;119;0,3786;173;0,1629;8079,05;1;1;0;0;1;0;0;0;0;1
105;0,0492;21;0;0,2654;156,8;0,1603;54,3;0;0,5;0,2712;106;0,4071;177;0,1343;6877,12;0;0;0;0;0;1;1;0;0;0
106;0,8525;70;0;0,321;159,5;0,6069;80,2;1;0,5;0,5254;121;0,8786;243;0,0119;1726,5;1;0;0;0;1;0;1;0;0;0
107;0,7705;65;1;0,8189;183,7;0,819;92,5;0;0,5;0,3898;113;0,2571;156;0,0498;3323,32;1;1;0;0;0;1;1;0;0;0
108;0,2131;31;1;0,6276;174,4;0,5655;77,8;0;0,5;0,1695;100;0,1786;145;0,2288;10851,44;1;0;1;0;0;0;0;0;0;1
109;0,2623;34;1;0,644;175,2;0,7379;87,8;0;0;0,6441;128;0,3357;167;0,0397;2898,73;1;0;0;0;1;0;0;0;1;0
110;0,0164;19;0;0,5062;168,5;0,2759;61;0;1;0,339;110;0,4214;179;0,1716;8444,16;0;0;0;0;0;1;0;1;0;0
111;0,3607;40;1;0,8745;186,4;0,7448;88,2;0;0,5;0,2881;107;0,3714;172;0,1547;7732,8;1;0;0;0;0;1;1;0;0;0
112;0,0328;20;1;0,6379;174,9;0,7034;85,8;0;0;0,3051;108;0,2857;160;0,0607;3778,66;1;0;1;0;0;0;1;0;0;0
113;0,9508;76;1;0,5741;171,8;0,4621;71,8;0;0,5;0,4915;119;0,6571;212;0,0184;2002,97;0;0;1;0;0;0;0;1;0;0
114;0,1311;26;0;0,3724;162;0,5862;79;0;0,5;0,2034;102;0,4786;187;0,068;4086,91;0;0;0;0;1;0;1;0;0;0
115;0,6557;58;1;0,7551;180,6;0,7448;88,2;0;0,5;0,5593;123;0,4714;186;0,3358;15352,1;1;0;0;0;1;0;0;1;0;0
116;0,5738;53;0;0,2366;155,4;0,3086;62,9;0;0,5;0,4407;116;0,3357;167;0,0547;3527,56;0;0;0;0;0;1;0;0;0;1
117;0,2295;32;0;0,4671;166,6;0,2862;61,6;0;0;0,7288;133;0,4786;187;0,0576;3651,42;1;0;0;0;0;1;0;0;1;0
118;0,8197;68;0;0,1811;152,7;0,4862;73,2;0;0,5;0,7288;133;0,4857;188;0,0492;3298,45;0;1;0;0;1;0;0;1;0;0
119;0,0984;24;1;0,6358;174,8;0,5759;78,4;0;0;0,5763;124;0,3714;172;0,2079;9970,56;1;0;0;1;0;0;0;1;0;0
120;0,8852;72;0;0,4136;164;0,5759;78,4;0;0;0,7797;136;0,5357;195;0,0852;4810,43;1;1;0;0;1;0;0;0;1;0
121;0,7377;63;0;0,5535;170,8;0,6103;80,4;0;0;0,5763;124;0,7;218;0,0653;3972,09;1;0;1;0;0;0;0;0;1;0
122;0,6393;57;0;0,3004;158,5;0,3103;63;0;0,5;0,5763;124;0,5071;191;0,2326;11011,96;1;0;0;0;0;1;0;1;0;0
123;0,8852;72;1;0,5864;172,4;0,481;72,9;0;0,5;0,5424;122;0,6857;216;0,1434;7257,18;1;0;0;0;1;0;0;0;1;0
124;0,3934;42;1;0,7695;181,3;0,6103;80,4;0;0,5;0,6271;127;0,6;204;0,0524;3430,13;1;0;0;0;0;1;0;1;0;0
125;0,2787;35;1;0,8251;184;0,569;78;0;0;0,5254;121;0,5143;192;0,0409;2946,01;1;1;1;0;0;0;0;0;1;0
126;0,1475;27;0;0,3539;161,1;0,4345;70,2;1;0;0,5932;125;0,45;183;0,2013;9692,28;1;0;1;0;0;0;0;0;1;0
127;0,9344;75;1;0,6008;173,1;0,4569;71,5;0;0,5;0,6271;127;0,7;218;0,101;5477,45;1;0;1;0;0;0;0;0;1;0
128;0,3934;42;1;0,749;180,3;0,6259;81,3;0;0;0,7458;134;0,55;197;0,0303;2503,56;1;1;1;0;0;0;0;0;1;0
129;0,8361;69;1;0,6502;175,5;0,7259;87,1;0;0,5;0,3729;112;0,8929;245;0,0238;2227,07;0;1;1;0;0;0;0;1;0;0
130;0,3279;38;0;0,428;164,7;0,3017;62,5;0;1;0,6441;128;0,4357;181;0,0447;3108,76;0;0;0;0;1;0;0;1;0;0
131;0,9672;77;1;0,7366;179,7;0,5379;76,2;0;0,5;0,5932;125;0,6571;212;0,0403;2922,68;1;0;0;0;1;0;0;1;0;0
132;0,8689;71;0;0,4753;167;0,1431;53,3;0;1;0,3898;113;0,5714;200;0,0172;1952,69;1;0;1;0;0;0;0;0;0;1
133;0,3115;37;0;0,3909;162,9;0,4431;70,7;0;0;0,3729;112;0,4429;182;0,0453;3134,57;1;0;0;0;0;1;0;0;0;1
134;0,4918;48;1;0,8498;185,2;0,7534;88,7;0;0;0,322;109;0,4714;186;0,0524;3430,49;1;1;1;0;0;0;0;0;0;1
135;0,8033;67;0;0,3971;163,2;0,4707;72,3;0;0,5;0,6441;128;0,5571;198;0,0733;4309,85;0;0;0;0;1;0;1;0;0;0
136;0,2295;32;1;0,6749;176,7;0,3397;64,7;1;1;0,339;110;0,55;197;0,2719;12663,19;1;1;1;0;0;0;1;0;0;0
137;0,0164;19;0;0,2942;158,2;0,2103;57,2;0;1;0,2881;107;0,4714;186;0,0838;4753,22;1;0;1;0;0;0;0;0;1;0
138;0,2787;35;1;0,4959;168;0,85;94,3;0;0;0,6271;127;0,4929;189;0,0896;4995,1;1;1;1;0;0;0;0;0;0;1
139;0,5902;54;0;0,5226;169,3;0,2879;61,7;0;1;0,3898;113;0,3929;175;0,1374;7006,74;1;0;0;0;0;1;0;0;0;1
140;0,1311;26;1;0,5144;168,9;0,2897;61,8;0;0,5;0,2712;106;0,2929;161;0,0855;4823,91;0;0;1;0;0;0;0;0;0;1
141;0,3279;38;1;0,6337;174,7;0,5741;78,3;0;0,5;0,2034;102;0,2;148;0,1286;6634,75;1;0;1;0;0;0;0;0;0;1
142;0,918;74;0;0,3951;163,1;0,819;92,5;0;0;0,6441;128;0,8571;240;0,1194;6249,82;1;1;0;0;1;0;0;0;1;0
143;0,0656;22;0;0,0802;147,8;0;45;1;1;0,7797;136;0,35;169;0,1081;5775;1;0;0;0;1;0;0;0;0;1
144;0,0492;21;0;0,3025;158,6;0,4034;68,4;0;0;0,4915;119;0,5286;194;0,4858;21660,23;0;1;0;0;1;0;0;0;0;1
145;0,4262;44;1;0,6091;173,5;0,4103;68,8;0;1;0,3898;113;0,4571;184;0,1745;8566,06;1;0;1;0;0;0;0;0;1;0
146;0;18;1;0,5453;170,4;0,5086;74,5;0;0,5;0,1864;101;0,35;169;0,046;3162,57;0;0;1;0;0;0;0;0;0;1
147;0,0164;19;1;0,5905;172,6;0,5241;75,4;1;0,5;0,4068;114;0,4;176;0,1262;6536,2;0;1;1;0;0;0;0;1;0;0
148;0,1803;29;0;0;143,9;0,4741;72,5;0;0,5;0,3559;111;0,2429;154;0,0577;3656,02;1;1;0;0;1;0;0;0;0;1
149;0,0984;24;1;0,7346;179,6;0,4017;68,3;0;1;0,2542;105;0,1929;147;0,1322;6789,45;0;0;1;0;0;0;0;0;0;1
150;0,8197;68;1;0,5597;171,1;0,9034;97,4;0;0;0,7458;134;0,8357;237;0,0357;2730,95;1;1;0;0;1;0;0;1;0;0
151;0,1148;25;0;0,43;164,8;0,3931;67,8;0;0;0,2881;107;0,4214;179;0,045;3121,63;0;0;0;0;0;1;1;0;0;0
152;0,5246;50;0;0,4918;167,8;0,3224;63,7;0;0,5;0,322;109;0,6071;205;0,1242;6450,76;1;0;0;0;1;0;0;1;0;0
153;0,7049;61;1;0,5288;169,6;0,5138;74,8;0;0,5;0,5763;124;0,6857;216;0,1835;8944,86;1;0;0;0;0;1;0;0;0;1
154;0,623;56;0;0,3519;161;0,2397;58,9;0;0;0,4407;116;0,4786;187;0,1369;6983,62;1;0;0;0;0;1;0;0;0;1
155;0,6557;58;1;0,786;182,1;0,7397;87,9;0;0;0,7119;132;0,6071;205;0,1688;8325,34;1;1;1;0;0;0;1;0;0;0
156;0,3607;40;0;0,3477;160,8;0,6276;81,4;1;0,5;0,5254;121;0,5143;192;0,1265;6547,96;1;0;0;0;0;1;0;0;0;1
157;0,9016;73;1;0,4815;167,3;0,8034;91,6;0;0;0,4407;116;0,45;183;0,1116;5920,93;1;0;0;0;0;1;0;1;0;0
158;0,0656;22;0;0,144;150,9;0,4966;73,8;1;0;0,5424;122;0,4714;186;0,0712;4222,38;1;0;0;0;0;1;0;0;1;0
159;0,0984;24;0;0,2387;155,5;0,1259;52,3;0;1;0,0678;94;0,4143;178;0,1647;8155,93;1;0;1;0;0;0;0;0;1;0
160;0,8689;71;0;0,5597;171,1;0,3914;67,7;1;0,5;0,8136;138;0,5714;200;0,1864;9067,39;1;1;0;0;1;0;0;1;0;0
161;0,0656;22;1;0,6337;174,7;0,5207;75,2;0;1;0,2542;105;0,2786;159;0,0959;5262,92;0;0;0;0;0;1;0;0;1;0
162;0,1803;29;0;0,3992;163,3;0,4724;72,4;0;1;0,5763;124;0,3286;166;0,0926;5123,21;0;0;1;0;0;0;0;0;1;0
163;0,1639;28;1;0,7058;178,2;0,8293;93,1;0;0;0,5763;124;0,7214;221;0,257;12036,55;1;0;0;0;1;0;0;0;1;0
164;0,0328;20;1;0,9609;190,6;0,6103;80,4;0;0,5;0,1356;98;0,05;127;0,0986;5376,48;1;0;0;0;0;1;0;0;1;0
165;0,1148;25;0;0,4877;167,6;0,3103;63;0;0,5;0,0339;92;0,4071;177;0,1049;5641,15;1;0;0;0;0;1;0;0;0;1
166;0,5738;53;1;0,8477;185,1;0,6138;80,6;0;0,5;0,3729;112;0,4214;179;0,1353;6919,6;0;1;0;0;1;0;0;0;1;0
167;0,6557;58;0;0,3045;158,7;0,3914;67,7;1;0;0,5763;124;0,5643;199;0,0938;5172,42;1;1;0;0;1;0;0;0;0;1
168;0,082;23;0;0,3663;161,7;0,2052;56,9;0;0;0,6441;128;0,3571;170;0,0565;3604,11;0;0;1;0;0;0;0;0;1;0
169;0,9508;76;1;0,6626;176,1;0,5931;79,4;0;0;0,7119;132;0,7214;221;0,1268;6561,55;1;0;0;0;1;0;0;0;1;0
170;0,082;23;0;0,2819;157,6;0,3069;62,8;0;0,5;0,4237;115;0,4286;180;0,0975;5327,42;1;0;0;0;0;1;1;0;0;0
171;0,6885;60;1;0,5597;171,1;0,4431;70,7;0;1;0,4746;118;0,5143;192;0,2952;13644,95;0;1;1;0;0;0;0;0;1;0
172;0,8033;67;0;0,2737;157,2;0,2121;57,3;0;0,5;0,5424;122;0,6714;214;0,1624;8056,42;1;0;1;0;0;0;0;0;1;0
173;0,5246;50;1;0,5473;170,5;0,5724;78,2;0;0,5;0,4576;117;0,6214;207;0,0667;4032,97;0;1;0;1;0;0;1;0;0;0
174;0,4918;48;0;0,2778;157,4;0,2017;56,7;0;1;0,5932;125;0,55;197;0,1568;7820,71;1;0;0;0;1;0;0;1;0;0
175;0,0984;24;1;0,5453;170,4;0,3483;65,2;0;0,5;0,339;110;0,25;155;0,1214;6335,56;1;0;1;0;0;0;0;0;1;0
176;0,2295;32;1;0,5412;170,2;0,5828;78,8;0;0;0,3051;108;0,5071;191;0,2194;10453,72;1;0;0;0;1;0;1;0;0;0
177;0,8525;70;1;0,6996;177,9;0,4638;71,9;0;1;0,7966;137;0,6;204;0,0702;4178,77;1;0;1;0;0;0;0;0;1;0
178;0,3443;39;0;0,3909;162,9;0,2569;59,9;0;0,5;0,3559;111;0,2786;159;0,1127;5969,02;1;0;1;0;0;0;0;0;0;1
179;0,0328;20;0;0,4918;167,8;0,5241;75,4;0;0;0,322;109;0,1643;143;0,0937;5169,1;1;0;0;1;0;0;0;0;1;0
180;0,7377;63;0;0,356;161,2;0,1414;53,2;0;0,5;0,1525;99;0,2071;149;0,1038;5592,82;1;0;0;1;0;0;0;0;0;1
181;0,6885;60;0;0,4691;166,7;0,0017;45,1;0;1;0,6102;126;0,4929;189;0,0538;3489,1;0;0;0;0;1;0;0;0;0;1
182;0,0656;22;0;0,3519;161;0,4017;68,3;1;0;0,5424;122;0,5429;196;0,143;7244,2;1;1;0;0;0;1;0;0;0;1
183;0,0492;21;0;0,4259;164,6;0,3086;62,9;0;0,5;0,3051;108;0,15;141;0,13;6694,1;1;0;0;0;0;1;0;0;0;1
184;0,1148;25;1;0,6708;176,5;0,6724;84;0;0;0,3559;111;0,5571;198;0,2164;10327,98;0;0;0;0;0;1;0;1;0;0
185;0,0492;21;0;0,0473;146,2;0,3241;63,8;0;0;0,3051;108;0,4143;178;0,0993;5404,5;1;0;0;0;0;1;1;0;0;0
186;0,623;56;0;0,4198;164,3;0,3638;66,1;0;0;0,5424;122;0,7357;223;0,0759;4420,82;0;1;0;0;1;0;0;1;0;0
187;0,1311;26;1;0,7942;182,5;0,5138;74,8;1;0,5;0,5085;120;0,5;190;0,1624;8059,83;1;0;1;0;0;0;0;0;0;1
188;0,6066;55;1;0,7284;179,3;0,4086;68,7;1;1;0,7119;132;0,4214;179;0,0576;3651,52;1;0;0;0;1;0;1;0;0;0
189;0,1639;28;0;0,3086;158,9;0,631;81,6;1;0;0,5254;121;0,5929;203;0,193;9344,02;0;1;0;0;0;1;0;0;1;0
190;0,9836;78;1;0,7984;182,7;0,7086;86,1;0;0;0,8475;140;0,7286;222;0,1927;9334,02;1;0;1;0;0;0;0;0;0;1
191;0,7377;63;0;0,3148;159,2;0,5;74;1;0;0,7627;135;0,6;204;0,213;10184,68;1;1;1;0;0;0;0;1;0;0
192;0,377;41;1;0,6934;177,6;1;103;0;0;0,4407;116;0,2714;158;0,1267;6557,15;0;1;1;0;0;0;1;0;0;0
193;0,4262;44;1;0,823;183,9;0,5345;76;0;0,5;0,4407;116;0,4286;180;0,0721;4258,84;1;0;0;0;1;0;1;0;0;0
194;0,0656;22;0;0,5844;172,3;0,3741;66,7;0;0,5;0,1017;96;0,1786;145;0,1072;5736,44;0;0;0;0;1;0;0;1;0;0
195;0,0492;21;1;0,5988;173;0,5914;79,3;0;0,5;0,322;109;0,4786;187;0,127;6568,46;0;0;0;0;1;0;1;0;0;0
196;0,541;51;1;0,5967;172,9;0,681;84,5;0;0,5;0,2542;105;0,3857;174;0,0684;4104,87;0;1;0;0;0;1;0;0;0;1
197;0,0164;19;0;0,1872;153;0,331;64,2;1;0,5;0,2712;106;0,6643;213;0,2223;10578,28;1;0;0;1;0;0;0;1;0;0
198;0,6393;57;0;0,5638;171,3;0,519;75,1;0;0;0,322;109;0,2429;154;0,1434;7259,32;1;0;1;0;0;0;1;0;0;0
199;0,377;41;1;0,43;164,8;0,6724;84;1;0;0,6102;126;0,6;204;0,0535;3476,87;0;1;0;1;0;0;0;0;1;0
200;0,1311;26;1;0,8436;184,9;0,3155;63,3;1;1;0,661;129;0,65;211;0,3019;13924,94;1;0;1;0;0;0;1;0;0;0
201;0,541;51;0;0,7572;180,7;0,2983;62,3;1;1;0,5763;124;0,4286;180;0,1064;5702,7;1;0;1;0;0;0;0;1;0;0
202;0,5574;52;0;0,4136;164;0,5345;76;0;1;0,5593;123;0,4286;180;0,0455;3143,05;1;0;1;0;0;0;0;0;0;1
203;0,7541;64;0;0,2119;154,2;0,4534;71,3;1;1;1;149;0,55;197;0,0561;3586,29;1;0;0;0;1;0;0;0;0;1
204;0,1967;30;1;0,5947;172,8;0,5672;77,9;0;0,5;0,3898;113;0,2571;156;0,2425;11428,8;1;0;1;0;0;0;0;1;0;0
205;0,541;51;1;0,4156;164,1;0,5776;78,5;0;1;0,3559;111;0,4786;187;0,2924;13527,67;1;0;0;0;0;1;0;0;1;0
206;0,8525;70;1;0,7325;179,5;0,5086;74,5;0;0,5;0,4915;119;0,3429;168;0,1847;8997,86;1;1;0;0;0;1;1;0;0;0
207;0,2623;34;1;0,7387;179,8;0,6034;80;1;0;0,5932;125;0,5357;195;0,2206;10505,5;1;1;1;0;0;0;1;0;0;0
208;0,8361;69;0;0,3004;158,5;0,6534;82,9;1;0;0,7288;133;0,7786;229;0,2081;9979,69;0;0;1;0;0;0;0;0;1;0
209;0,7213;62;1;0,5782;172;0,9172;98,2;0;0;0,5593;123;0,5357;195;0,1414;7175,72;1;1;0;1;0;0;0;1;0;0
210;0,4262;44;0;0,57;171,6;0,3517;65,4;1;0;0,7966;137;0,45;183;0,123;6402,99;1;1;1;0;0;0;0;1;0;0
211;0,8852;72;0;0,4095;163,8;0,3603;65,9;0;0,5;0,7288;133;0,6857;216;0,14;7114,79;1;0;0;0;1;0;0;0;0;1
212;0,9672;77;0;0,3436;160,6;0,7414;88;0;0,5;0,3898;113;0,6643;213;0,1574;7847,95;1;0;0;0;1;0;0;0;1;0
213;0,2295;32;1;0,2325;155,2;0,4241;69,6;0;1;0,2373;104;0,2143;150;0,0599;3748,84;0;0;1;0;0;0;0;0;0;1
214;0,9836;78;0;0,43;164,8;0,6948;85,3;1;0,5;0,6949;131;0,4857;188;0,157;7832,05;0;0;1;0;0;0;0;0;1;0
215;0;18;0;0,4074;163,7;0,4207;69,4;0;0;0,4576;117;0,2429;154;0,2386;11263,34;1;0;0;1;0;0;0;0;0;1
216;0,1311;26;0;0,4568;166,1;0,3431;64,9;1;0,5;0,6102;126;0,5286;194;0,0873;4899,13;1;0;1;0;0;0;0;1;0;0
217;0,0328;20;1;0,6029;173,2;0,4586;71,6;0;0,5;0,6441;128;0,3571;170;0,0812;4644,21;1;0;1;0;0;0;0;1;0;0
218;0,3607;40;1;0,6214;174,1;0,7845;90,5;1;0;0,5763;124;0,6929;217;0,1347;6893,08;1;1;1;0;0;0;0;0;0;1
219;0,9508;76;0;0,465;166,5;0,7293;87,3;0;0;0,661;129;0,5786;201;0,0641;3925,19;1;1;1;0;0;0;0;0;0;1
220;0,6066;55;1;0,6502;175,5;0,4483;71;0;0,5;0,5593;123;0,3357;167;0,0377;2811,83;1;0;0;0;0;1;0;0;1;0
221;0,623;56;1;0,7305;179,4;0,6483;82,6;1;0;0,6441;128;0,7786;229;0,2001;9641,77;1;1;0;0;0;1;0;0;1;0
222;0,082;23;1;0,6049;173,3;0,5138;74,8;1;1;0,4068;114;0,3571;170;0,0739;4335,21;1;0;0;1;0;0;0;0;1;0
223;0,5082;49;0;0,3128;159,1;0,2293;58,3;0;1;0,3898;113;0,4643;185;0,1012;5481,99;1;0;0;0;1;0;0;0;1;0
224;0,377;41;0;0,4198;164,3;0,2793;61,2;1;0,5;0,1864;101;0,2929;161;0,066;4003,55;1;0;1;0;0;0;0;1;0;0
225;0,4754;47;1;0,6379;174,9;0,8121;92,1;1;0;0,6949;131;0,5286;194;0,2153;10284,34;1;1;0;0;0;1;0;0;0;1
226;0,2623;34;0;0,2963;158,3;0,3603;65,9;0;1;0,339;110;0,5214;193;0,1687;8321,42;1;0;0;0;1;0;0;0;1;0
227;0,1967;30;1;0,7058;178,2;0,4638;71,9;0;0,5;0,5085;120;0,2571;156;0,0853;4815,67;1;0;1;0;0;0;1;0;0;0
228;0,9672;77;0;0,3292;159,9;0,5724;78,2;1;0;0,8475;140;0,85;239;0,0424;3011,07;1;0;1;0;0;0;0;1;0;0
229;0,5574;52;0;0,3107;159;0,2086;57,1;0;0,5;0,3051;108;0,1214;137;0,0794;4566,65;1;0;0;0;1;0;0;1;0;0
230;0,4098;43;1;0,7243;179,1;0,4362;70,3;0;0,5;0,3729;112;0,3357;167;0,1426;7223,37;1;0;0;0;0;1;1;0;0;0
231;0,0656;22;1;0,8086;183,2;0,5224;75,3;0;0,5;0;90;0,3;162;0,1127;5968,9;0;0;0;1;0;0;0;0;1;0
232;0,7705;65;1;0,4938;167,9;0,7241;87;1;0;0,6271;127;0,9357;251;0,1072;5736,18;0;0;1;0;0;0;1;0;0;0
233;0,4754;47;0;0,5288;169,6;0,2293;58,3;0;0,5;0,5254;121;0,2643;157;0,1144;6038,13;1;0;0;0;0;1;0;1;0;0
234;0,377;41;0;0,4403;165,3;0,3517;65,4;0;0;0,4746;118;0,5714;200;0,1595;7937,85;1;0;1;0;0;0;0;0;0;1
235;0,6721;59;0;0,0514;146,4;0,35;65,3;1;0;0,8814;142;0,8143;234;0,0973;5319,16;0;1;0;1;0;0;1;0;0;0
236;0,1311;26;0;0,4506;165,8;0,4741;72,5;1;0;0,2881;107;0,4143;178;0,1325;6802,24;1;1;0;0;0;1;0;0;0;1
237;0,541;51;1;0,8539;185,4;0,1879;55,9;0;1;0,4237;115;0,3929;175;0,0497;3316,09;1;0;0;1;0;0;0;1;0;0
238;0,8689;71;0;0,428;164,7;0,3897;67,6;0;0;0,6271;127;0,6214;207;0,4339;19475,75;1;0;1;0;0;0;0;0;1;0
239;0,459;46;1;0,5741;171,8;0,3103;63;0;0,5;0,5593;123;0,2143;150;0,0829;4712,95;1;0;0;0;0;1;0;0;1;0
240;0;18;1;0,6296;174,5;0,5534;77,1;0;0,5;0,3559;111;0,2429;154;0,1138;6013,71;1;0;0;0;0;1;1;0;0;0
241;0,2295;32;0;0,3601;161,4;0;45;0;1;0,4407;116;0,55;197;0,1422;7210,06;1;0;0;0;1;0;0;0;1;0
242;0,0492;21;0;0,3704;161,9;0,3;62,4;0;0,5;0,4915;119;0,3929;175;0,076;4423,14;1;0;1;0;0;0;0;1;0;0
243;0,5082;49;1;0,4095;163,8;0,681;84,5;0;1;0,4068;114;0,4143;178;0,1005;5452,95;1;0;1;0;0;0;0;0;1;0
244;0,3607;40;0;0,3704;161,9;0,6793;84,4;0;0;0,678;130;0,4857;188;0,0997;5419,93;1;1;0;0;0;1;0;0;1;0
245;0,1311;26;0;0,5062;168,5;0,1638;54,5;0;0;0,2712;106;0,4929;189;0,0526;3439,15;1;0;1;0;0;0;0;0;1;0
246;0,6885;60;0;0,4877;167,6;0,4379;70,4;0;0,5;0,3729;112;0,5929;203;0,1316;6763,49;0;1;0;1;0;0;0;1;0;0
247;0,1639;28;0;0,4547;166;0,1776;55,3;0;0,5;0,4237;115;0,2714;158;0,0274;2381,27;1;0;1;0;0;0;0;0;1;0
248;0,3443;39;1;0,6996;177,9;0,2638;60,3;1;1;0,322;109;0,7214;221;0,281;13047,53;1;0;0;1;0;0;1;0;0;0
249;1;79;1;0,6193;174;0,5155;74,9;1;1;0,8475;140;0,8643;241;0,1628;8074,66;1;1;0;0;1;0;0;0;1;0
250;0,0656;22;1;0,5864;172,4;0,6741;84,1;0;0,5;0,3051;108;0,4214;179;0,1486;7476,81;0;1;0;0;1;0;0;0;1;0
251;0,2459;33;0;0,4609;166,3;0,2879;61,7;0;1;0,5085;120;0,25;155;0,025;2279,43;1;0;0;0;0;1;1;0;0;0
252;0,3115;37;0;0,2531;156,2;0,2379;58,8;1;0,5;0,5085;120;0,35;169;0,0577;3654,58;1;0;0;0;0;1;0;0;0;1
253;0,5082;49;1;0,5473;170,5;0,7759;90;1;0;0,6949;131;0,5714;200;0,2295;10879,9;1;1;0;0;0;1;0;0;1;0
254;0,2459;33;1;0,6461;175,3;0,2241;58;0;0,5;0,4237;115;0,3786;173;1;43287,57;0;0;1;0;0;0;1;0;0;0
255;0,9836;78;1;0,6955;177,7;0,65;82,7;0;0;0,6271;127;0,3786;173;0,2055;9870,9;0;1;0;0;0;1;0;0;0;1
256;0;18;0;0,5144;168,9;0,0534;48,1;1;1;0,3051;108;0,4857;188;0,1877;9122,25;0;0;0;0;1;0;1;0;0;0
257;0,9508;76;0;0,3868;162,7;0,5517;77;1;0;0,9153;144;0,9143;248;0,1387;7062,02;1;1;0;0;1;0;0;0;0;1
258;0,541;51;1;0,8148;183,5;0,5517;77;0;0,5;0,4576;117;0,5286;194;0,0553;3555,5;1;1;0;0;1;0;0;0;0;1
259;0,0328;20;1;0,5514;170,7;0,481;72,9;0;0,5;0,2203;103;0,2143;150;0,1832;8933,71;1;0;1;0;0;0;0;1;0;0
260;0,1148;25;0;0,2119;154,2;0,3862;67,4;0;0;0,4068;114;0,2929;161;0,0453;3131,9;1;0;0;0;1;0;0;0;1;0
261;0,0984;24;1;0,607;173,4;0,6172;80,8;0;0;0,6271;127;0,4429;182;0,0413;2965,22;0;0;0;0;0;1;1;0;0;0
262;0,2787;35;0;0,2387;155,5;0,4069;68,6;0;0,5;0,3051;108;0,3571;170;0,0391;2873,35;1;0;1;0;0;0;0;0;0;1
263;0,3279;38;1;0,4938;167,9;0,6707;83,9;0;0;0,4237;115;0,5286;194;0,1812;8847,24;1;0;1;0;0;0;0;0;1;0
264;0,6393;57;1;0,823;183,9;0,5569;77,3;0;0,5;0,2712;106;0,5571;198;0,0963;5277,95;0;1;0;0;1;0;0;1;0;0
265;0,3115;37;0;0,4033;163,5;0,3931;67,8;0;0,5;0,3729;112;0,5429;196;0,1066;5712,6;1;0;1;0;0;0;1;0;0;0
266;0,7213;62;1;0,5967;172,9;0,8259;92,9;0;0;0,7119;132;0,4071;177;0,099;5389,99;1;0;0;0;1;0;0;1;0;0
267;0,2951;36;1;0,7325;179,5;0,569;78;0;0;0,5932;125;0,4857;188;0,0444;3093,76;1;0;0;0;0;1;0;0;0;1
268;0,2623;34;1;0,6728;176,6;0,4069;68,6;0;1;0,3729;112;0,3214;165;0,0632;3884,05;0;0;0;0;1;0;1;0;0;0
269;0,2787;35;1;0,7428;180;0,5776;78,5;0;1;0,4915;119;0,3643;171;0,0655;3982,99;0;0;1;0;0;0;1;0;0;0
270;0,3279;38;1;0,4465;165,6;0,4983;73,9;0;0;0,5932;125;0,5857;202;0,0348;2690,18;1;0;1;0;0;0;0;0;0;1
271;0,8361;69;1;0,6193;174;0,7552;88,8;0;1;0,7288;133;0,6643;213;0,0712;4221,29;0;0;0;0;1;0;1;0;0;0
272;0,2459;33;1;0,6317;174,6;0,3483;65,2;0;0,5;0,4915;119;0,5714;200;0,046;3163,22;0;0;1;0;0;0;1;0;0;0
273;0,2623;34;1;0,7305;179,4;0,4879;73,3;0;0,5;0,5763;124;0,4357;181;0,1432;7250,59;0;0;1;0;0;0;0;0;0;1
274;0,9672;77;0;0,3704;161,9;0,3086;62,9;0;0,5;0,5932;125;0,5429;196;0,1505;7558,93;0;0;1;0;0;0;0;0;0;1
275;0,6557;58;0;0,3621;161,5;0,6931;85,2;1;0,5;0,4576;117;0,55;197;0,0384;2844,61;1;0;0;0;0;1;0;0;0;1
276;0,1803;29;1;0,4835;167,4;0,3328;64,3;1;1;0,5593;123;0,2143;150;0,0822;4682,95;0;0;1;0;0;0;0;1;0;0
277;0,8689;71;1;0,6317;174,6;0,5621;77,6;0;0,5;0,6949;131;0,7214;221;0,2975;13739,5;1;0;0;0;0;1;1;0;0;0
278;0,1803;29;0;0,3086;158,9;0,2655;60,4;0;0,5;0,5424;122;0,3071;163;0,0499;3326,31;0;0;0;0;0;1;0;1;0;0
279;0,1639;28;0;0,1811;152,7;0,3276;64;0;0,5;0,5085;120;0,4214;179;0,1307;6723,2;1;0;0;0;1;0;0;0;0;1
280;0,4426;45;0;0,2881;157,9;0,4155;69,1;0;0;0,7966;137;0,5929;203;0,107;5725,93;0;0;1;0;0;0;1;0;0;0
281;0,6885;60;1;0,6523;175,6;0,5845;78,9;1;0,5;0,7288;133;0,4143;178;0,1939;9381,02;0;0;1;0;0;0;0;0;1;0
282;0,1803;29;1;0,6358;174,8;0,1397;53,1;0;0;0,4576;117;0,2929;161;0,1205;6296,4;1;0;1;0;0;0;0;1;0;0
283;0,7541;64;1;0,7984;182,7;0,7259;87,1;0;0;0,4576;117;0,7929;231;0,0749;4378,02;0;1;1;0;0;0;0;0;1;0
284;0,1475;27;1;0,5556;170,9;0,6241;81,2;1;0;0,5932;125;0,5643;199;0,1043;5616,04;1;0;1;0;0;0;1;0;0;0
285;0,7869;66;0;0,465;166,5;0,6586;83,2;0;0;0,5763;124;0,5;190;0,1053;5657,2;1;1;0;0;1;0;0;1;0;0
286;0,082;23;1;0,4835;167,4;0,6879;84,9;1;0,5;0,4576;117;0,4143;178;0,0942;5188,25;1;1;0;0;1;0;0;1;0;0
287;0,459;46;1;0,8436;184,9;0,5414;76,4;0;0,5;0,4407;116;0,5786;201;0,0376;2808,61;0;0;1;0;0;0;0;0;0;1
288;0,6393;57;1;0,6955;177,7;0,7086;86,1;1;0,5;0,6949;131;0,7143;220;0,2112;10112,67;1;0;1;0;0;0;0;0;0;1
289;0,2623;34;0;0,2695;157;0,281;61,3;0;0;0,4576;117;0,2357;153;0,1909;9257,75;1;1;1;0;0;0;0;1;0;0
290;0,6066;55;1;0,6235;174,2;0,6966;85,4;0;0,5;0,6102;126;0,7;218;0,0474;3222,48;1;0;1;0;0;0;0;0;1;0
291;0,6885;60;0;0,4115;163,9;0,3172;63,4;1;0,5;0,2881;107;0,7286;222;0,0819;4673,38;1;0;1;0;0;0;0;0;0;1
292;0,6557;58;1;0,6029;173,2;0,4345;70,2;1;0,5;0,661;129;0,5643;199;0,0862;4853,51;1;0;1;0;0;0;1;0;0;0
293;0,3934;42;0;0,3498;160,9;0,3241;63,8;1;0,5;0,7119;132;0,3429;168;0,0432;3046,48;0;0;1;0;0;0;1;0;0;0
294;0,7705;65;1;0,5453;170,4;0,8103;92;0;0,5;0,7966;137;0,6571;212;0,0216;2135,81;0;0;1;0;0;0;0;0;1;0
295;0,7377;63;0;0,5;168,2;0,4293;69,9;0;0,5;0,6271;127;0,5643;199;0,0632;3884,32;0;0;1;0;0;0;0;0;1;0
296;0,3279;38;0;0,144;150,9;0,4259;69,7;0;1;0,6102;126;0,1857;146;0,0789;4545,07;1;0;1;0;0;0;0;1;0;0
297;0,7377;63;0;0,3251;159,7;0,181;55,5;0;1;0,5593;123;0,4643;185;0,0336;2642,24;0;0;0;0;0;1;1;0;0;0
298;0,918;74;0;0,3128;159,1;0,5776;78,5;0;0,5;0,5932;125;0,9929;259;0,1119;5934,21;1;1;0;0;0;1;0;1;0;0
299;0,8197;68;0;0,4918;167,8;0,3276;64;0;0,5;0,6441;128;0,5214;193;0,2018;9715,02;1;0;1;0;0;0;0;1;0;0
300;0,7377;63;0;0,3663;161,7;0,5397;76,3;0;0;0,6441;128;0,4643;185;0,1676;8275,53;1;0;1;0;0;0;1;0;0;0
301;0,7705;65;0;0,5947;172,8;0,319;63,5;0;1;0,4407;116;0,3643;171;0,092;5098,27;1;0;0;1;0;0;0;0;0;1
302;0,8033;67;1;0,6687;176,4;0,7121;86,3;0;0,5;0,4915;119;0,7714;228;0,0223;2164,17;1;0;1;0;0;0;0;0;0;1
303;0,2787;35;0;0,321;159,5;0,4707;72,3;0;0;0,322;109;0,5714;200;0,1555;7768,65;0;0;0;0;1;0;0;0;1;0
304;0,7213;62;0;0,4012;163,4;0,1793;55,4;0;1;0,5932;125;0,6929;217;0,1098;5844,15;1;0;0;1;0;0;0;0;1;0
305;0,1967;30;0;0,3292;159,9;0,4397;70,5;1;0,5;0,4746;118;0,5;190;0,1305;6715,51;1;0;0;0;1;0;0;0;1;0
306;0,3607;40;1;0,6049;173,3;0,8948;96,9;1;0;0,5932;125;0,7571;226;0,3108;14300,52;1;0;0;0;1;0;0;0;1;0
307;0,9344;75;1;0,5576;171;0,6655;83,6;0;0;0,6271;127;0,5;190;0,0563;3596,06;0;0;1;0;0;0;1;0;0;0
308;0,2787;35;0;0,2716;157,1;0,1828;55,6;0;0;0,5424;122;0,4714;186;0,0015;1290,25;1;0;1;0;0;0;0;0;1;0
309;0,8525;70;1;0,5535;170,8;0,6983;85,5;0;0,5;0,678;130;0,5714;200;0,0471;3207,58;1;0;0;0;0;1;1;0;0;0
310;0,4262;44;1;0,642;175,1;0,6207;81;0;0;0,3729;112;0,6857;216;0,1355;6925,89;1;1;0;0;1;0;0;0;0;1
311;0,2131;31;1;0,5267;169,5;0,3897;67,6;0;1;0,1695;100;0,4071;177;0,1017;5505,28;1;0;1;0;0;0;0;0;0;1
312;0,0984;24;1;0,6543;175,7;0,4655;72;0;1;0,4407;116;0,2429;154;0,0411;2957,74;1;0;0;0;1;0;0;1;0;0
313;0,541;51;1;0,5;168,2;0,5172;75;0;0,5;0,2712;106;0,4571;184;0,0343;2670,82;1;0;1;0;0;0;0;0;1;0
314;0,4426;45;1;0,4012;163,4;0,5276;75,6;0;0,5;0,5085;120;0,1786;145;0,079;4549,15;1;1;0;0;0;1;0;1;0;0
315;0,5082;49;1;0,7572;180,7;0,6638;83,5;1;0;0,9153;144;0,2857;160;0,0401;2913,04;1;1;0;0;0;1;0;0;1;0
316;0,0328;20;1;0,572;171,7;0,8069;91,8;0;0;0,5932;125;0,5071;191;0,1384;7046,71;1;0;1;0;0;0;0;0;1;0
317;0,2623;34;1;0,5185;169,1;0,5397;76,3;0;0,5;0,4576;117;0,3214;165;0,0759;4421,73;1;0;1;0;0;0;0;1;0;0
318;0;18;0;0,3642;161,6;0,2207;57,8;0;0;0,4576;117;0,3429;168;0,0652;3969,68;0;0;0;0;0;1;0;0;0;1
319;0,2951;36;1;0,7016;178;0,4793;72,8;0;0;0,7797;136;0,5714;200;0,0592;3717,7;1;0;1;0;0;0;0;0;1;0
320;0,9344;75;0;0,3045;158,7;0,4552;71,4;0;0,5;0,2881;107;0,75;225;0,1181;6195,39;1;0;0;0;1;0;0;0;0;1
321;0,1475;27;0;0,2366;155,4;0,2586;60;0;0;0,3559;111;0,4929;189;0,1027;5548,62;1;0;1;0;0;0;0;1;0;0
322;0,6885;60;1;0,6091;173,5;0,3879;67,5;0;0,5;0,6271;127;0,7643;227;0,1137;6008,79;1;0;1;0;0;0;0;1;0;0
323;0;18;1;0,7942;182,5;0,5828;78,8;0;0,5;0,2203;103;0,3786;173;0,1121;5943,57;0;0;0;0;0;1;0;0;1;0
324;0,5574;52;0;0,4012;163,4;0,35;65,3;1;1;0,7797;136;0,6;204;0,0954;5239,09;1;0;0;0;1;0;0;1;0;0
325;0,9344;75;0;0,2757;157,3;0,3845;67,3;1;0,5;0,7288;133;0,6929;217;0,0479;3240,34;1;1;1;0;0;0;0;0;1;0
326;0,3443;39;0;0,4835;167,4;0,2621;60,2;0;1;0,4068;114;0,2143;150;0,0604;3769,92;1;0;0;0;1;0;0;0;0;1
327;0,1967;30;0;0,2963;158,3;0,3448;65;1;0,5;0,4407;116;0,6;204;0,0768;4458,92;1;0;1;0;0;0;0;1;0;0
328;0,5738;53;0;0,2654;156,8;0,3414;64,8;0;1;0,4068;114;0,1071;135;0,3335;15254,01;0;1;1;0;0;0;0;1;0;0
329;0,2787;35;0;0,3045;158,7;0,4155;69,1;0;0,5;0,2881;107;0,2929;161;0,0366;2767,17;1;0;0;1;0;0;1;0;0;0
330;0,9016;73;1;0,6008;173,1;0,381;67,1;0;0;0,7288;133;0,6143;206;0,0755;4405,07;1;1;0;0;0;1;0;0;1;0
331;0,8525;70;0;0,356;161,2;0,269;60,6;1;1;0,6102;126;0,5214;193;0,1065;5705,2;0;0;0;0;1;0;1;0;0;0
332;0,6557;58;1;0,7572;180,7;0,7724;89,8;0;0;0,7288;133;0,4857;188;0,0818;4667,29;0;0;1;0;0;0;0;0;1;0
333;0,6393;57;0;0,4877;167,6;0,4362;70,3;1;0;0,8305;139;0,9143;248;0,1918;9292,7;1;1;1;0;0;0;0;0;0;1
334;0,6066;55;0;0,6379;174,9;0,4914;73,5;0;0;0,7458;134;0,6929;217;0,0815;4655,25;1;0;0;0;1;0;0;1;0;0
335;0,7377;63;1;0,6152;173,8;0,7155;86,5;0;0,5;0,3898;113;0,4;176;0,0857;4830,62;1;0;0;0;1;0;0;0;1;0
336;0,459;46;0;0,5247;169,4;0,3707;66,5;1;0,5;0,339;110;0,4643;185;0,1649;8162,57;0;1;0;0;1;0;1;0;0;0
337;0,9836;78;1;0,4691;166,7;0,8586;94,8;1;0,5;0,7627;135;0,4857;188;0,2902;13431,47;0;1;0;0;0;1;0;0;0;1
338;0,3443;39;0;0,2984;158,4;0,3776;66,9;1;1;0,9153;144;0,6;204;0,2318;10979,1;0;0;1;0;0;0;0;0;1;0
339;0;18;1;0,9259;188,9;0,5828;78,8;0;0;0,5424;122;0,3429;168;0,0914;5072,93;0;0;0;0;1;0;1;0;0;0
340;0,7049;61;0;0,214;154,3;0,3724;66,6;0;0,5;0,4407;116;0,2071;149;0,0968;5298,84;1;0;1;0;0;0;0;1;0;0
341;0,6721;59;1;0,6193;174;0,2069;57;1;0,5;0,7119;132;0,6;204;0,103;5560,03;1;0;0;0;0;1;0;1;0;0
342;0,9836;78;0;0,2942;158,2;0,2776;61,1;1;1;0,8644;141;0,7357;223;0,1098;5845,92;1;0;0;0;1;0;0;1;0;0
343;0,3934;42;0;0,323;159,6;0,2672;60,5;0;0;0,322;109;0,6143;206;0,0554;3555,77;0;0;1;0;0;0;1;0;0;0
344;0,4262;44;0;0,2798;157,5;0,4897;73,4;0;0;0,7119;132;0,4786;187;0,1771;8675,84;1;0;1;0;0;0;0;0;1;0
345;0,5574;52;0;0,3374;160,3;0,3966;68;0;0,5;0,4407;116;0,4;176;0,114;6022,78;1;1;0;0;1;0;1;0;0;0
346;0,3934;42;0;0,4383;165,2;0,4466;70,9;0;0,5;0,3898;113;0,6929;217;0,0971;5311,19;1;1;1;0;0;0;0;1;0;0
347;0,7869;66;0;0,358;161,3;0,4845;73,1;0;1;0,5593;123;0,5143;192;0,0392;2876,78;0;0;1;0;0;0;0;0;0;1
348;0,4262;44;1;0,5823;172,2;0,5586;77,4;0;0,5;0,5763;124;0,5214;193;0,104;5603,48;0;0;1;0;0;0;0;0;0;1
349;0,7869;66;0;0,2798;157,5;0,6052;80,1;0;1;0,4576;117;0,4357;181;0,0209;2107,79;0;0;1;0;0;0;0;1;0;0
350;0,4262;44;1;0,3909;162,9;0,5948;79,5;0;0,5;0,1864;101;0,5143;192;0,0674;4060,96;1;0;0;0;0;1;0;1;0;0
351;0,2131;31;0;0,4033;163,5;0,2448;59,2;1;0;0,6271;127;0,3286;166;0,0683;4098,81;0;0;0;0;1;0;0;1;0;0
352;1;79;1;0,4835;167,4;0,6793;84,4;1;0;0,5932;125;0,6786;215;0,1199;6269,79;0;0;0;0;1;0;0;0;0;1
353;0,5246;50;0;0,4033;163,5;0,4224;69,5;0;0;0,5254;121;0,3429;168;0,3014;13903,9;0;1;0;1;0;0;0;0;1;0
354;0,7049;61;0;0,2757;157,3;0,481;72,9;1;0,5;0,8136;138;0,5143;192;0,1427;7229,71;0;0;1;0;0;0;1;0;0;0
355;0,5902;54;1;0,6049;173,3;0,4569;71,5;0;0,5;0,5593;123;0,6357;209;0,2372;11205,96;0;0;0;0;1;0;0;0;1;0
356;0,3607;40;0;0,3148;159,2;0,3034;62,6;0;0,5;0,5424;122;0,3143;164;0,1491;7499,61;0;0;0;0;0;1;0;0;0;1
357;0,9836;78;0;0,2325;155,2;0,4207;69,4;0;0,5;0,7119;132;0,6643;213;0,1975;9533,11;1;0;1;0;0;0;0;0;1;0
358;0,377;41;0;0,465;166,5;0,2862;61,6;0;0,5;0,7288;133;0,6214;207;0,2977;13746,83;1;0;1;0;0;0;1;0;0;0
359;1;79;0;0,4733;166,9;0,5569;77,3;0;0,5;0,5424;122;0,5643;199;0,0604;3767,18;1;0;1;0;0;0;0;0;0;1
360;0,4262;44;0;0,4897;167,7;0,4431;70,7;0;0,5;0,4746;118;0,5571;198;0,0575;3646,23;0;0;0;0;0;1;0;1;0;0
361;0,0164;19;0;0,2963;158,3;0,4517;71,2;0;0,5;0,2203;103;0,3857;174;0,1512;7588,62;1;0;1;0;0;0;0;0;0;1
362;0,0328;20;1;0,572;171,7;0,4552;71,4;0;0,5;0,4068;114;0,3286;166;0,0997;5421,68;1;0;1;0;0;0;0;1;0;0
363;0,9836;78;1;0,5926;172,7;0,8155;92,3;0;0,5;0,6102;126;0,6714;214;0,115;6064,32;1;0;1;0;0;0;0;0;1;0
364;0,5246;50;1;0,7757;181,6;0,3897;67,6;0;0,5;0,6949;131;0,7071;219;0,0849;4796,62;0;0;0;0;0;1;0;0;0;1
365;0,3934;42;0;0,3086;158,9;0,1586;54,2;0;0,5;0,339;110;0,3143;164;0,0667;4031,41;0;0;1;0;0;0;1;0;0;0
366;0,8197;68;1;0,8889;187,1;0,4569;71,5;1;0,5;0,8983;143;0,4929;189;0,2612;12214,54;0;0;1;0;0;0;1;0;0;0
367;0,623;56;0;0,0741;147,5;0,3879;67,5;0;0,5;0,5763;124;0,3214;165;0,0453;3134,01;1;0;0;1;0;0;0;0;1;0
368;0,6557;58;0;0,3354;160,2;0,5569;77,3;0;0,5;0,5085;120;0,6214;207;0,1528;7655,63;0;0;0;0;0;1;0;0;1;0
369;0,6885;60;1;0,4938;167,9;0,6241;81,2;1;0;0,8305;139;0,8286;236;0,1387;7059,39;0;0;0;0;0;1;0;0;1;0
370;0,1967;30;0;0,321;159,5;0,2534;59,7;0;0,5;0,3729;112;0,2786;159;0,0295;2466,35;1;0;1;0;0;0;1;0;0;0
371;0,082;23;0;0,5885;172,5;0,15;53,7;0;1;0,339;110;0,0214;123;0,0561;3585,34;1;0;0;0;0;1;0;0;1;0
372;0,7377;63;1;0,5905;172,6;0,7931;91;1;0;0,7458;134;0,5786;201;0,0635;3899,7;0;1;0;0;1;0;0;0;1;0
373;0,0164;19;1;0,7551;180,6;0,3103;63;0;1;0,1864;101;0,3857;174;0,1421;7203,28;1;0;1;0;0;0;0;0;1;0
374;0,7213;62;1;0,856;185,5;0,6379;82;1;0;0,7288;133;0,6643;213;0,0783;4520,97;1;1;0;0;1;0;0;0;1;0
375;0,1311;26;1;0,8107;183,3;0,3293;64,1;0;0,5;0,0847;95;0,3643;171;0,0945;5204,12;0;0;0;0;1;0;0;0;1;0
376;0,2623;34;1;0,5823;172,2;0,4569;71,5;1;0,5;0,6102;126;0,4071;177;0,0331;2620,65;0;0;0;0;0;1;0;1;0;0
377;0,7049;61;0;0,5556;170,9;0,6655;83,6;0;0;0,4576;117;0,7071;219;0,384;17377,92;1;0;1;0;0;0;0;0;0;1
378;0,623;56;1;0,5267;169,5;0,4845;73,1;1;1;0,5932;125;0,6214;207;0,1046;5628,5;0;0;0;0;1;0;1;0;0;0
379;0,7869;66;1;0,4979;168,1;0,5172;75;0;0,5;0,6441;128;0,5929;203;0,1366;6970,91;1;0;1;0;0;0;0;1;0;0
380;0,6066;55;0;0,2305;155,1;0,4328;70,1;1;1;0,7288;133;0,5929;203;0,0694;4145,12;0;0;1;0;0;0;1;0;0;0
381;0,0328;20;0;0,5329;169,8;0,3155;63,3;0;0;0,1356;98;0,4571;184;0,064;3919,37;1;0;1;0;0;0;0;0;0;1
382;0,8525;70;0;0,5103;168,7;0,4983;73,9;0;1;0,5593;123;0,5929;203;0,3069;14134,05;0;0;0;0;0;1;0;0;1;0
383;0,2131;31;0;0,3601;161,4;0,3948;67,9;0;1;0,4068;114;0,2286;152;0,0203;2083,16;0;0;1;0;0;0;0;1;0;0
384;0,1311;26;1;0,6337;174,7;0,5224;75,3;0;0,5;0,322;109;0,3929;175;0,1193;6243,67;1;0;0;0;1;0;0;1;0;0
385;0,8852;72;1;0,858;185,6;0,531;75,8;0;0;0,8644;141;0,7214;221;0,0413;2963,86;1;0;0;0;1;0;0;1;0;0
386;0,1967;30;0;0,393;163;0,6345;81,8;0;0,5;0,2203;103;0,5214;193;0,0763;4435,96;0;0;0;0;0;1;0;0;0;1
387;0,541;51;0;0,4403;165,3;0,4259;69,7;0;0,5;0,1864;101;0,5071;191;0,0647;3947,95;1;1;1;0;0;0;0;0;0;1
388;0,4918;48;0;0,1173;149,6;0,2;56,6;1;1;0,6949;131;0,4;176;0,0497;3317,65;1;0;1;0;0;0;0;1;0;0
389;0,7705;65;1;0,7058;178,2;0,7483;88,4;0;0,5;0,4746;118;0,3929;175;0,1023;5528,77;1;0;0;0;1;0;1;0;0;0
390;0,0328;20;0;0,572;171,7;0,4931;73,6;0;0;0,1356;98;0,3214;165;0,0066;1504,15;0;1;0;0;0;1;0;1;0;0
391;0,0984;24;0;0,3457;160,7;0,5879;79,1;1;0;0,5254;121;0,5357;195;0,0811;4639,01;1;1;0;0;1;0;1;0;0;0
392;0,4098;43;1;0,6091;173,5;0,469;72,2;0;0,5;0,5763;124;0,3929;175;0,0943;5191,9;1;0;0;0;1;0;0;0;0;1
393;0,4754;47;0;0,4527;165,9;0,2862;61,6;0;1;0,2712;106;0,2714;158;0,0363;2752,77;0;0;0;0;0;1;0;0;1;0
394;0,7869;66;0;0,2387;155,5;0,3517;65,4;0;0;0,9661;147;0,4214;179;0,246;11575,08;1;0;0;0;0;1;0;1;0;0
395;0,6066;55;1;0,7716;181,4;0,6828;84,6;0;0,5;0,3729;112;0,1643;143;0,0667;4035,04;1;0;0;0;1;0;1;0;0;0
396;0,1475;27;1;0,6255;174,3;0,3948;67,9;0;1;0,339;110;0;120;0,0855;4823,51;1;0;0;0;0;1;0;0;0;1
397;0,9836;78;0;0,2551;156,3;0,5845;78,9;1;0;0,6949;131;0,7214;221;0,0669;4039,56;1;1;1;0;0;0;0;0;1;0
398;0,459;46;1;0,4424;165,4;0,65;82,7;0;0;0,5424;122;0,8286;236;0,0948;5214,6;1;0;0;0;1;0;0;1;0;0
399;0,9672;77;1;0,7263;179,2;0,6121;80,5;1;0,5;0,7288;133;0,9214;249;0,2192;10447,02;0;1;1;0;0;0;0;1;0;0
400;1;79;1;0,7366;179,7;0,5328;75,9;0;0,5;0,4237;115;0,4286;180;0,4155;18704,28;1;0;1;0;0;0;1;0;0;0
401;0,0492;21;1;0,8971;187,5;0,7155;86,5;0;0;0,7627;135;0,4143;178;0,1583;7885,81;0;1;1;0;0;0;1;0;0;0
402;0,5082;49;0;0,3189;159,4;0,4534;71,3;0;1;0,3898;113;0,2286;152;0,1933;9358,09;1;0;0;0;0;1;0;0;0;1
403;0,4262;44;0;0,3683;161,8;0,2776;61,1;1;0,5;0,4915;119;0,3357;167;0,2754;12812,98;1;1;0;0;1;0;0;0;0;1
404;0,4918;48;1;0,4959;168;0,5276;75,6;0;1;0,5763;124;0,2643;157;0,1171;6151,4;1;0;1;0;0;0;0;0;0;1
405;0,3115;37;0;0,2984;158,4;0,2759;61;0;1;0,6271;127;0,3571;170;0,254;11909,9;1;0;0;0;0;1;0;0;0;1
406;0,5574;52;0;0,4424;165,4;0,2569;59,9;0;1;0,6271;127;0,4286;180;0,1627;8072,36;0;0;0;1;0;0;0;0;1;0
407;0,4918;48;1;0,5288;169,6;0,3621;66;0;0,5;0,2881;107;0,4714;186;0,1096;5837,13;1;0;0;0;1;0;1;0;0;0
408;0,1803;29;0;0,4259;164,6;0,2397;58,9;0;0;0,4576;117;0,5214;193;0,1247;6471,55;1;0;0;0;0;1;0;0;1;0
409;0,2787;35;1;0,716;178,7;0,431;70;0;0,5;0,1186;97;0,3286;166;0,0228;2184,83;1;0;0;0;1;0;0;0;1;0
410;0,1475;27;0;0,3436;160,6;0,119;51,9;1;0;0,678;130;0,5286;194;0,1203;6285,87;0;0;1;0;0;0;0;0;0;1
411;0,8525;70;0;0,4774;167,1;0,6172;80,8;0;0,5;0,3559;111;0,3714;172;0,0305;2510,22;1;0;0;0;1;0;1;0;0;0
412;0,6721;59;0;0,4486;165,7;0,5483;76,8;1;0;0,6441;128;0,4714;186;0,0281;2409,96;0;0;0;0;1;0;0;0;0;1
413;0,3934;42;1;0,6379;174,9;0,5534;77,1;0;0,5;0,4068;114;0,1929;147;0,113;5981,58;1;0;0;0;1;0;0;0;1;0
414;0,3934;42;0;0,2284;155;0,1517;53,8;1;0;0,7119;132;0,6786;215;0,0448;3111,81;1;0;0;0;1;0;1;0;0;0
415;0,0656;22;1;0,7407;179,9;0,3569;65,7;0;0;0,3559;111;0,3429;168;0,0995;5412,37;0;0;0;0;0;1;0;0;1;0
416;0,2787;35;1;0,6193;174;0,6414;82,2;0;0;0,678;130;0,1857;146;0,1092;5820,94;1;1;0;0;1;0;0;1;0;0
417;0,9344;75;1;0,5247;169,4;0,9138;98;0;0,5;0,7119;132;0,5429;196;0,1123;5952,25;1;1;1;0;0;0;0;0;1;0
418;0,0164;19;0;0,3704;161,9;0,0741;49,3;1;1;0,4915;119;0,2357;153;0,053;3456,25;0;0;1;0;0;0;1;0;0;0
419;0,1475;27;1;0,6317;174,6;0,7414;88;1;0;0,3898;113;0,7571;226;0,1732;8512,93;1;0;0;0;1;0;0;1;0;0
420;0,8525;70;0;0,3374;160,3;0,2362;58,7;0;1;0,8136;138;0,4429;182;0,0943;5194,64;1;0;0;0;1;0;0;0;0;1
421;0,5246;50;0;0,4383;165,2;0,2569;59,9;0;1;0,3559;111;0,5429;196;0,1318;6771,91;1;0;1;0;0;0;0;1;0;0
422;0,0328;20;1;0,465;166,5;0,6672;83,7;1;0,5;0,6441;128;0,5786;201;0,0418;2986,27;1;0;1;0;0;0;0;1;0;0
423;0,4918;48;1;0,8889;187,1;0,5241;75,4;0;0,5;0,7119;132;0,3;162;0,0889;4968,32;0;1;1;0;0;0;0;0;0;1
424;0,7541;64;1;0,8621;185,8;0,519;75,1;0;0,5;0,6102;126;0,5143;192;0,1943;9401,71;1;0;1;0;0;0;0;1;0;0
425;0,3443;39;0;0,3889;162,8;0,6414;82,2;0;0;0,6271;127;0,5429;196;0,1806;8822,75;0;1;1;0;0;0;0;0;0;1
426;0,377;41;0;0,2551;156,3;0,3534;65,5;0;0,5;0;90;0,4214;179;0,0575;3645,88;1;0;1;0;0;0;1;0;0;0
427;0,6393;57;1;0,5967;172,9;0,85;94,3;1;0;0,7119;132;0,7;218;0,0691;4134,91;0;1;0;0;0;1;0;1;0;0
428;0,6066;55;0;0,4321;164,9;0,169;54,8;1;1;0,7797;136;0,3786;173;0,0496;3313,16;0;1;0;0;0;1;1;0;0;0
429;0,9016;73;1;0,5885;172,5;0,7103;86,2;0;1;0,7119;132;0,6214;207;0,0638;3911,96;0;1;0;0;1;0;1;0;0;0
430;0,2459;33;0;0,3683;161,8;0,2431;59,1;1;1;0,322;109;0,4071;177;0,035;2698,54;1;0;1;0;0;0;0;0;0;1
431;0,2787;35;0;0,4403;165,3;0,3914;67,7;0;0,5;0,322;109;0,4286;180;0,0913;5069,07;1;0;0;0;1;0;0;0;0;1
432;0,1475;27;0;0,1934;153,3;0,3293;64,1;0;0,5;0;90;0,4786;187;0,148;7454,47;1;0;1;0;0;0;1;0;0;0
433;0,6721;59;0;0,4033;163,5;0,2034;56,8;0;1;0,5593;123;0,5786;201;0,058;3668,26;0;0;0;0;0;1;1;0;0;0
434;0,541;51;0;0,3642;161,6;0,4759;72,6;0;0;0,3051;108;0,5714;200;0,0942;5191,08;1;0;0;0;0;1;0;0;1;0
435;0,3443;39;1;0,714;178,6;0,5914;79,3;0;0;0,6441;128;0,5571;198;0,0865;4864,65;0;1;0;1;0;0;1;0;0;0
436;0,7049;61;1;0,9383;189,5;0,7379;87,8;0;0,5;0,678;130;0,5857;202;0,1897;9205,53;1;1;0;0;1;0;0;0;0;1
437;0,377;41;1;0,644;175,2;0,5259;75,5;0;0,5;0,339;110;0,6214;207;0,0659;4000,62;0;1;0;1;0;0;1;0;0;0
438;0,1967;30;0;0,5041;168,4;0,1121;51,5;0;0,5;0,4068;114;0,35;169;0,0677;4074,05;1;0;1;0;0;0;1;0;0;0
439;0,541;51;0;0,3601;161,4;0,2448;59,2;0;0;0,5424;122;0,5429;196;0,0554;3558,13;0;0;0;0;1;0;0;0;1;0
440;0,4426;45;0;0,2346;155,3;0,119;51,9;0;0,5;0,4576;117;0,5571;198;0,0439;3075,57;1;0;0;0;1;0;0;0;0;1
441;0,4098;43;0;0,6872;177,3;0,5414;76,4;1;0;0,4915;119;0,5214;193;0,1391;7076,91;1;0;0;1;0;0;0;0;0;1
442;0,4426;45;1;0,6255;174,3;0,5086;74,5;0;0;0,6102;126;0,3;162;0,0915;5076,84;0;1;0;0;0;1;0;1;0;0
443;0,918;74;0;0,3642;161,6;0,5776;78,5;0;0;0,4746;118;0,6857;216;0,1035;5582,57;0;1;0;0;0;1;0;1;0;0
444;0,2131;31;1;0,8642;185,9;0,5466;76,7;0;0,5;0,1017;96;0,3286;166;0,2151;10273,47;0;0;0;0;0;1;1;0;0;0
445;0,2787;35;1;0,8066;183,1;0,4086;68,7;1;1;0,4915;119;0,3143;164;0,2222;10572,8;0;0;0;0;0;1;0;0;1;0
446;0,5738;53;0;0,3498;160,9;0,4397;70,5;0;0,5;0,4407;116;0,5286;194;0,0275;2384,83;1;0;1;0;0;0;1;0;0;0
447;0,0328;20;0;0,3498;160,9;0,3155;63,3;0;0,5;0,322;109;0,5214;193;0,1494;7509,45;0;1;0;0;1;0;0;1;0;0
448;0,1475;27;0;0,3436;160,6;0;45;0;1;0,2373;104;0,1143;136;0,1154;6080,39;1;0;1;0;0;0;0;0;1;0
449;0,5738;53;1;0,5864;172,4;0,5414;76,4;0;0,5;0,7288;133;0,6;204;0,0733;4312,2;1;0;1;0;0;0;1;0;0;0
450;0,5082;49;0;0,6379;174,9;0,3069;62,8;1;1;0,6102;126;0,1857;146;0,1229;6398,65;1;0;0;1;0;0;1;0;0;0
451;0,6557;58;1;0,3868;162,7;0,8241;92,8;0;0,5;0,5424;122;0,4214;179;0,0253;2291,15;1;1;0;0;1;0;1;0;0;0
452;0,1148;25;0;0,4465;165,6;0,5379;76,2;0;0,5;0,339;110;0,6;204;0,2391;11286,03;1;0;1;0;0;0;1;0;0;0
453;0,8525;70;0;0,3313;160;0,3379;64,6;0;0;0,8136;138;0,55;197;0,1379;7026,7;0;1;0;0;1;0;1;0;0;0
454;0,4918;48;1;0,5494;170,6;0,6276;81,4;0;0;0,6271;127;0,5214;193;0,0546;3524,17;1;0;0;0;1;0;0;0;0;1
455;0,1475;27;1;0,7469;180,2;0,181;55,5;0;1;0,3729;112;0,45;183;0,0672;4053,33;0;0;1;0;0;0;1;0;0;0
456;0,3115;37;1;0,5864;172,4;0,6328;81,7;0;1;0,4746;118;0,1429;140;0,0259;2317,92;1;0;0;0;0;1;1;0;0;0
457;0,2295;32;0;0,3519;161;0,3431;64,9;1;1;0,2373;104;0,4857;188;0,0812;4642,56;1;1;0;1;0;0;1;0;0;0
458;0,459;46;1;0,535;169,9;0,4948;73,7;0;1;0,1864;101;0,4357;181;0,0723;4266,86;1;0;1;0;0;0;0;1;0;0
459;0,4754;47;0;0,5165;169;0,4897;73,4;1;0;0,661;129;0,8714;242;0,0374;2800,2;1;1;0;0;1;0;0;0;1;0
460;0,4262;44;0;0,2243;154,8;0,4241;69,6;0;1;0,3898;113;0,2429;154;0,1612;8009,24;1;0;1;0;0;0;1;0;0;0
461;0,459;46;0;0,3004;158,5;0,5276;75,6;0;0,5;0,5085;120;0,3714;172;0,2153;10284,56;0;0;0;0;1;0;0;0;0;1
462;0,918;74;1;0,6955;177,7;0,6793;84,4;0;1;0,6102;126;0,4143;178;0,0982;5357,86;1;0;1;0;0;0;1;0;0;0
463;0,9672;77;0;0,5514;170,7;0,6069;80,2;0;0;0,7966;137;0,4857;188;0,0817;4661,89;1;1;0;0;0;1;0;1;0;0
464;0,4918;48;1;0,858;185,6;0,6276;81,4;0;0;0,3729;112;0,6643;213;0,1313;6751,31;0;1;1;0;0;0;1;0;0;0
465;0,9672;77;0;0,4424;165,4;0,4259;69,7;1;1;0,7458;134;0,6714;214;0,0987;5378,58;1;1;1;0;0;0;0;0;1;0
466;0,8197;68;0;0,4918;167,8;0,4086;68,7;1;1;0,5254;121;0,55;197;0,046;3161,84;0;1;1;0;0;0;1;0;0;0
467;0,8197;68;0;0,3539;161,1;0,3914;67,7;1;0,5;0,7458;134;0,55;197;0,064;3919,27;0;0;1;0;0;0;0;0;0;1
468;0,2131;31;0;0,2016;153,7;0,2724;60,8;0;0,5;0,0847;95;0,2786;159;0,0822;4683,41;1;0;0;1;0;0;1;0;0;0
469;0,4426;45;1;0,7366;179,7;0,7207;86,8;0;0,5;0,4746;118;0,3571;170;0,117;6149,3;1;0;1;0;0;0;1;0;0;0
470;0,3443;39;0;0,4794;167,2;0,4517;71,2;0;1;0,1864;101;0,2143;150;0,1006;5457,08;1;0;0;0;0;1;0;0;1;0
471;0,082;23;1;0,7963;182,6;0,4052;68,5;0;0,5;0,2373;104;0,2929;161;0,1143;6034,12;1;0;0;0;1;0;0;0;1;0
472;0,0656;22;1;0,5309;169,7;0,469;72,2;0;0,5;0,4068;114;0,2714;158;0,0311;2534,08;1;0;0;0;0;1;0;0;0;1
473;0,623;56;1;0,751;180,4;0,6414;82,2;0;0,5;0,5254;121;0,3571;170;0,1509;7575;0;0;0;0;0;1;1;0;0;0
474;0,4262;44;1;0,5844;172,3;0,6293;81,5;1;0,5;0,339;110;0,55;197;0,1002;5440,94;1;0;1;0;0;0;1;0;0;0
475;0,8361;69;1;0,6893;177,4;0,5552;77,2;0;0,5;0,4746;118;0,5571;198;0,4336;19464,64;0;0;1;0;0;0;0;0;1;0
476;0,6721;59;1;0,5741;171,8;0,8603;94,9;0;0,5;0,3051;108;0,4;176;0,0772;4474,65;1;0;1;0;0;0;0;1;0;0
477;0,082;23;1;0,6461;175,3;0,4448;70,8;0;1;0,0678;94;0,3071;163;0,1226;6385,14;1;0;1;0;0;0;0;1;0;0
478;0,8361;69;0;0,4609;166,3;0,3724;66,6;0;1;0,5932;125;0,8357;237;0,5022;22350,63;1;0;0;0;1;0;0;1;0;0
479;0,4918;48;0;0,2942;158,2;0,4879;73,3;0;1;0,5254;121;0,7357;223;0,1131;5985,2;1;0;1;0;0;0;0;0;1;0
480;0,5738;53;1;0,6461;175,3;0,5241;75,4;0;0,5;0,5424;122;0,3071;163;0,0957;5251,06;0;1;1;0;0;0;0;0;0;1
481;0,9672;77;1;0,5617;171,2;0,6345;81,8;0;0,5;0,6949;131;0,4286;180;0,0497;3316,08;1;0;1;0;0;0;1;0;0;0
482;0,6393;57;1;0,6317;174,6;0,4224;69,5;0;0,5;0,4915;119;0,3214;165;0,2481;11662,49;1;0;0;0;0;1;0;0;1;0
483;0,0164;19;0;0,43;164,8;0,1466;53,5;0;1;0,2373;104;0,4643;185;0,0432;3042,54;1;0;1;0;0;0;0;1;0;0
484;0,1639;28;1;0,5514;170,7;0,3155;63,3;0;0,5;0,1864;101;0,2929;161;0,1307;6724,82;1;0;0;1;0;0;0;0;1;0
485;0,4262;44;1;0,6214;174,1;0,6655;83,6;0;0,5;0,3559;111;0,45;183;0,0727;4286,49;0;0;1;0;0;0;0;0;0;1
486;0,0328;20;1;0,4959;168;0,5586;77,4;0;0,5;0,1017;96;0,6;204;0,0883;4941,04;0;0;0;0;0;1;0;0;1;0
487;0,1639;28;1;0,9774;191,4;0,4828;73;0;0,5;0,2203;103;0,35;169;0,0342;2665,2;0;0;0;0;1;0;0;0;0;1
488;0,8033;67;1;0,7922;182,4;0,6069;80,2;1;0,5;0,7119;132;0,7214;221;0,2236;10631,36;1;0;1;0;0;0;0;0;0;1
489;0,1311;26;0;0,2407;155,6;0,5172;75;0;0;0,4068;114;0,4857;188;0,0832;4727,26;1;0;0;0;1;0;0;1;0;0
490;0,1639;28;0;0,3724;162;0,1569;54,1;0;0,5;0,7458;134;0,2643;157;0,0412;2958,55;0;0;1;0;0;0;1;0;0;0
491;0,5082;49;0;0,4547;166;0,3966;68;0;0,5;0,2712;106;0,5929;203;0,2124;10161,34;1;0;0;0;0;1;0;0;0;1
492;0,082;23;0;0,3498;160,9;0,5;74;0;0;0,3898;113;0,2786;159;0,0712;4221,44;0;0;0;0;1;0;0;0;1;0
493;0,2459;33;0;0,5144;168,9;0;45;0;1;0,1695;100;0,5643;199;0,1235;6420,84;1;0;1;0;0;0;0;1;0;0
494;0,9508;76;1;0,4424;165,4;0,7397;87,9;1;0,5;0,6949;131;0,5786;201;0,1675;8272,63;1;0;0;0;1;0;0;0;0;1
495;0,6393;57;0;0,6276;174,4;0,2621;60,2;0;0;0,5593;123;0,4786;187;0,1345;6884,43;0;1;1;0;0;0;0;0;0;1
496;0,9672;77;0;0,6337;174,7;0,3034;62,6;0;1;0,7288;133;0,4;176;0,0139;1811,09;1;0;1;0;0;0;1;0;0;0
497;0,3443;39;1;0,7716;181,4;0,3879;67,5;0;0,5;0,339;110;0,2643;157;0,1536;7690,02;0;0;0;0;1;0;1;0;0;0
498;0,623;56;0;0,4403;165,3;0,4621;71,8;0;1;0,4746;118;0,4071;177;0,0936;5165,17;1;0;1;0;0;0;0;1;0;0
499;0,2295;32;1;0,6975;177,8;0,3707;66,5;0;0,5;0,2881;107;0,0214;123;0,0804;4607,71;1;0;1;0;0;0;0;0;0;1
500;0,377;41;0;0,2263;154,9;0;45;0;1;0,2203;103;0,3714;172;0,0931;5143,36;1;0;1;0;0;0;0;0;1;0
501;0,1639;28;0;0,2099;154,1;0,3328;64,3;1;0,5;0,3729;112;0,3857;174;0,0285;2428,39;1;0;1;0;0;0;0;1;0;0
502;0,8361;69;0;0,5267;169,5;0,3621;66;0;0,5;0,5254;121;0,6357;209;0,113;5979,46;1;0;0;0;1;0;1;0;0;0
503;0,1803;29;0;0,4053;163,6;0,2121;57,3;0;0;0,4407;116;0,4857;188;0,0361;2745,74;1;0;1;0;0;0;0;0;0;1
504;0,1967;30;0;0,3436;160,6;0,3914;67,7;0;0,5;0,4068;114;0,2571;156;0,0828;4708,29;1;0;1;0;0;0;0;0;0;1
505;0,459;46;0;0,3745;162,1;0,0862;50;1;0,5;0,5424;122;0,4643;185;0,1104;5873,07;0;0;0;0;1;0;0;0;1;0
506;0,4262;44;0;0,0782;147,7;0,2121;57,3;0;0,5;0,3898;113;0,3857;174;0,1918;9293,02;1;1;1;0;0;0;0;1;0;0
507;0,3115;37;1;0,7469;180,2;0,4638;71,9;0;0,5;0,1525;99;0,6;204;0,0565;3605,42;1;0;1;0;0;0;0;0;0;1
508;0,3607;40;0;0,2798;157,5;0,3345;64,4;1;1;0,6102;126;0,3929;175;0,2377;11223,82;1;0;1;0;0;0;0;0;0;1
509;0,2951;36;0;0,4856;167,5;0,5138;74,8;0;0,5;0,2881;107;0,2786;159;0,1781;8720,45;0;0;0;1;0;0;1;0;0;0
510;0,918;74;1;0,7305;179,4;0,8948;96,9;0;0;0,7966;137;0,4571;184;0,075;4382,15;1;1;1;0;0;0;1;0;0;0
511;0,5738;53;1;0,5967;172,9;0,4431;70,7;0;1;0,661;129;0,2429;154;0,045;3120,12;1;0;0;0;0;1;0;0;1;0
512;0,9344;75;0;0,4218;164,4;0,1;50,8;0;0,5;0,5763;124;0,5929;203;0,0336;2638,83;1;0;0;0;0;1;0;0;1;0
513;1;79;1;0,1996;153,6;0,5862;79;0;1;0,4915;119;0,5929;203;0,1187;6222,19;1;1;1;0;0;0;0;1;0;0
514;0,6557;58;1;0,823;183,9;0,681;84,5;1;1;0,6441;128;0,7643;227;0,0601;3756,93;1;1;1;0;0;0;0;1;0;0
515;0,8361;69;1;0,8169;183,6;0,6759;84,2;1;1;0,7458;134;0,7786;229;0,206;9893,95;1;0;0;0;1;0;0;0;1;0
516;0,0984;24;1;0,9115;188,2;0,4534;71,3;0;1;0,2542;105;0,6714;214;0,0628;3867,01;0;0;0;1;0;0;0;0;0;1
517;0,9508;76;1;0,6379;174,9;0,481;72,9;0;0,5;0,5424;122;0,5429;196;0,0531;3462,22;1;0;0;0;0;1;0;1;0;0
518;0,4754;47;0;0,1626;151,8;0,3931;67,8;0;0;0,6102;126;0,4643;185;0,116;6104,69;1;0;0;0;1;0;0;0;1;0
519;0,7213;62;1;0,5802;172,1;0,8759;95,8;0;0,5;0,5932;125;0,3071;163;0,0625;3854,42;1;0;0;0;0;1;1;0;0;0
520;0,2459;33;0;0,2798;157,5;0,0103;45,6;0;1;0,3051;108;0,4714;186;0,1005;5454,93;1;0;0;0;0;1;0;1;0;0
521;0,082;23;0;0,393;163;0,1431;53,3;1;0,5;0,2034;102;0,45;183;0,1822;8892,78;1;1;0;1;0;0;0;1;0;0
522;0,8852;72;1;0,8765;186,5;0,6431;82,3;0;1;0,6441;128;0,6286;208;0,1078;5759,55;1;0;1;0;0;0;1;0;0;0
523;0,4426;45;1;0,963;190,7;0,6086;80,3;0;0;0,4237;115;0,3286;166;0,108;5770,32;1;0;0;0;1;0;0;0;1;0
524;0,1311;26;0;0,5;168,2;0,1448;53,4;0;0,5;0,339;110;0,3929;175;0,1139;6018,38;0;0;0;0;1;0;1;0;0;0
525;0,6557;58;1;0,6379;174,9;0,8086;91,9;0;0,5;0,5254;121;0,5071;191;0,0262;2329,6;1;0;1;0;0;0;0;0;0;1
526;0,0492;21;1;0,4527;165,9;0,5655;77,8;0;0,5;0,0339;92;0,3357;167;0,1279;6607,22;0;0;0;0;0;1;0;1;0;0
527;0,4426;45;0;0,2469;155,9;0,4086;68,7;0;0;0,5424;122;0,3929;175;0,1107;5883,85;1;0;1;0;0;0;0;0;0;1
528;0,7049;61;0;0,3272;159,8;0,3448;65;0;0;0,6949;131;0,7286;222;0,1726;8488,34;1;0;1;0;0;0;0;0;0;1
529;0,7213;62;0;0,2202;154,6;0,5638;77,7;0;1;0,6102;126;0,7857;230;0,1456;7353,31;0;1;0;0;0;1;0;0;0;1
530;0,459;46;1;0,7099;178,4;0,5638;77,7;0;0,5;0,4576;117;0,2643;157;0,0876;4909,98;0;0;0;1;0;0;1;0;0;0
531;0,3607;40;0;0,3519;161;0,6414;82,2;0;0;0,2373;104;0,5714;200;0,1872;9101,52;1;0;1;0;0;0;1;0;0;0
532;0,8361;69;0;0,2757;157,3;0,6466;82,5;0;0;0,8475;140;0,1857;146;0,0824;4692,33;0;1;0;0;0;1;1;0;0;0
533;0,1803;29;1;0,4321;164,9;0,4517;71,2;0;0,5;0,3898;113;0,45;183;0,1169;6146,13;1;0;1;0;0;0;1;0;0;0
534;0,0656;22;0;0,3642;161,6;0,331;64,2;0;0;0,2373;104;0,1286;138;0,0813;4649,08;1;0;1;0;0;0;0;1;0;0
535;0,1475;27;1;0,6255;174,3;0,7172;86,6;0;0,5;0,2203;103;0,2714;158;0,1335;6842,3;0;0;0;0;0;1;0;0;0;1
536;0,8033;67;1;0,8066;183,1;0,7034;85,8;1;1;0,7288;133;0,4357;181;0,0778;4499,65;0;0;1;0;0;0;1;0;0;0
537;0,4754;47;0;0,3704;161,9;0,2069;57;0;0;0,6271;127;0,4714;186;0,2651;12379,24;1;0;0;0;1;0;0;0;0;1
538;0,0328;20;1;0,6193;174;0,5759;78,4;0;0,5;0,2203;103;0,4357;181;0,3249;14893,52;1;0;1;0;0;0;0;0;1;0
539;0,1639;28;1;0,465;166,5;0,6069;80,2;1;0;0,678;130;0,2643;157;0,1707;8408,25;1;0;0;0;1;0;0;1;0;0
540;0,0164;19;0;0,4609;166,3;0,1483;53,6;0;0,5;0,0339;92;0,2571;156;0,2499;11738,72;1;0;1;0;0;0;1;0;0;0
541;0,8197;68;0;0,321;159,5;0,3328;64,3;1;1;0,5593;123;0,5571;198;0,0306;2515,92;0;0;0;0;1;0;1;0;0;0
542;0,459;46;0;0,4362;165,1;0,1741;55,1;1;0,5;0,2881;107;0,7571;226;0,0343;2668,6;1;0;0;1;0;0;0;0;1;0
543;0,0656;22;0;0,2716;157,1;0,1138;51,6;0;1;0,1695;100;0,3857;174;0,0808;4624,94;1;0;1;0;0;0;0;0;1;0
544;0,2131;31;0;0,4671;166,6;0,3155;63,3;0;0;0,6441;128;0,2643;157;0,1026;5544,8;1;0;0;0;0;1;0;0;1;0
545;0,623;56;1;0,3951;163,1;0,5241;75,4;0;0,5;0,7797;136;0,4;176;0,0878;4919,18;1;0;1;0;0;0;1;0;0;0
546;0,5902;54;1;0,607;173,4;0,5776;78,5;0;0,5;0,5085;120;0,6857;216;0,0276;2389,72;1;0;1;0;0;0;0;0;1;0
547;0,8197;68;1;0,7551;180,6;0,4845;73,1;0;0,5;0,4746;118;0,6214;207;0,2005;9660,45;0;1;0;1;0;0;0;0;0;1
548;0,0164;19;1;0,5864;172,4;0,5931;79,4;0;1;0,2373;104;0,1786;145;0,35;15948,17;1;0;0;0;1;0;0;1;0;0
549;0,0656;22;0;0,2305;155,1;0,469;72,2;0;0;0,4576;117;0,3571;170;0,2158;10306,13;0;0;1;0;0;0;0;0;1;0
550;0,0328;20;1;0,6626;176,1;0,6276;81,4;0;1;0,0678;94;0,2786;159;0,193;9346,54;1;0;0;1;0;0;0;0;1;0
551;0,3934;42;1;0,6214;174,1;0,4138;69;1;1;0,4746;118;0,4357;181;0,1154;6081,82;1;0;0;0;0;1;1;0;0;0
552;0,7377;63;1;0,4918;167,8;0,5362;76,1;0;0,5;0,7288;133;0,2571;156;0,0555;3563,51;1;0;1;0;0;0;0;0;1;0
553;0,6721;59;1;0,6337;174,7;0,8431;93,9;1;0,5;0,5085;120;0,4929;189;0,1047;5632,25;1;1;1;0;0;0;1;0;0;0
554;0,2131;31;0;0,4486;165,7;0,2414;59;0;0,5;0,2373;104;0,5571;198;0,3409;15565,22;1;1;1;0;0;0;0;0;0;1
555;0,6557;58;1;0,4877;167,6;0,6776;84,3;0;0;0,6102;126;0,4929;189;0,0791;4555,11;0;1;0;1;0;0;0;0;1;0
556;0,6557;58;1;0,5864;172,4;0,5776;78,5;0;1;0,5424;122;0,4643;185;0,0737;4326,53;0;0;0;0;1;0;1;0;0;0
557;0,1803;29;1;0,4403;165,3;0,3517;65,4;0;0,5;0,2542;105;0,3714;172;0,1955;9448,88;1;0;0;0;1;0;0;1;0;0
558;0,7541;64;0;0,2984;158,4;0,3845;67,3;0;1;0,5593;123;0,8214;235;0,203;9767,77;1;0;1;0;0;0;0;0;1;0
559;0,4262;44;0;0,5761;171,9;0,4362;70,3;1;0,5;0,6441;128;0,5286;194;0,0553;3554,78;0;0;1;0;0;0;0;0;1;0
560;0,0492;21;0;0,2819;157,6;0,4707;72,3;0;0,5;0,5593;123;0,4714;186;0,0841;4765,98;1;0;0;0;1;0;0;1;0;0
561;0,3934;42;1;0,6523;175,6;0,6793;84,4;0;0,5;0,3898;113;0,3214;165;0,0713;4226,15;0;1;0;0;1;0;1;0;0;0
562;0,7705;65;1;0,4671;166,6;0,7948;91,1;0;0,5;0,5424;122;0,4714;186;0,1045;5624,26;1;0;1;0;0;0;1;0;0;0
563;0,7049;61;0;0,3457;160,7;0,2638;60,3;0;1;0,7288;133;0,4929;189;0,1951;9431,81;1;0;0;0;1;0;1;0;0;0
564;0,2623;34;0;0,6235;174,2;0,3138;63,2;0;0;0,3898;113;0,3357;167;0,0572;3633,63;1;0;0;0;1;0;1;0;0;0
565;0,7541;64;0;0,3066;158,8;0,5776;78,5;1;1;0,4915;119;0,5786;201;0,1935;9365,92;0;0;0;0;1;0;1;0;0;0
566;0,3934;42;0;0,4774;167,1;0,019;46,1;0;1;0,4407;116;0,5357;195;0,1067;5714,86;1;0;1;0;0;0;0;0;1;0
567;0,459;46;0;0,5062;168,5;0,0431;47,5;0;1;0,5763;124;0,3143;164;0,384;17380,36;0;0;0;0;0;1;0;1;0;0
568;0,082;23;1;0,7078;178,3;0,5862;79;1;0,5;0,4746;118;0,4357;181;0,1223;6370,39;1;1;0;0;0;1;0;1;0;0
569;1;79;1;0,5185;169,1;0,7552;88,8;0;1;0,6102;126;0,6714;214;0,0938;5174,72;1;1;1;0;0;0;1;0;0;0
570;0,8361;69;0;0,463;166,4;0,4466;70,9;0;0,5;0,3729;112;0,4071;177;0,1429;7239,86;0;0;1;0;0;0;0;0;0;1
571;0,1967;30;1;0,4918;167,8;0,5431;76,5;0;1;0,339;110;0,5143;192;0,0799;4589,04;1;0;1;0;0;0;0;1;0;0
572;0,5574;52;0;0,1975;153,5;0,2034;56,8;0;0;0,7458;134;0,5357;195;0,0234;2213,57;1;0;1;0;0;0;1;0;0;0
573;0,7869;66;1;0,6481;175,4;0,55;76,9;1;0,5;0,5254;121;0,5929;203;0,0853;4816,19;1;1;1;0;0;0;0;0;0;1
574;0,5082;49;0;0,0597;146,8;0,1103;51,4;0;0,5;0,4237;115;0,15;141;0,0844;4778,36;0;0;0;0;1;0;0;0;0;1
575;0,2131;31;0;0,4465;165,6;0,4293;69,9;0;0,5;0,2881;107;0,3071;163;0,0291;2450;1;0;0;0;0;1;1;0;0;0
576;0,9836;78;0;0,3395;160,4;0,2293;58,3;1;0,5;0,661;129;0,7214;221;0,0953;5236,89;1;1;0;1;0;0;1;0;0;0
577;0,2623;34;0;0,3519;161;0,0328;46,9;0;1;0,3898;113;0,6214;207;0,0168;1932,26;0;0;0;0;1;0;1;0;0;0
578;0,3279;38;0;0,1646;151,9;0,5138;74,8;1;0;0,678;130;0,65;211;0,0793;4564,92;0;0;0;0;1;0;0;0;0;1
579;0,377;41;0;0,2366;155,4;0,4931;73,6;0;0,5;0,4576;117;0,5643;199;0,1167;6135,2;0;0;0;0;1;0;0;1;0;0
580;0,9016;73;1;0,5185;169,1;0,719;86,7;1;0;0,6949;131;0,55;197;0,1064;5701,58;0;0;0;0;1;0;0;0;0;1
581;0,5082;49;0;0,2901;158;0,3259;63,9;0;1;0,2203;103;0,4214;179;0,076;4422,52;0;1;0;0;1;0;0;1;0;0
582;0,7213;62;0;0,3868;162,7;0,3552;65,6;0;1;0,5593;123;0,6714;214;0,0945;5204,27;1;1;1;0;0;0;0;0;0;1
583;0,9016;73;1;0,5926;172,7;0,6069;80,2;0;0,5;0,5254;121;0,4143;178;0,0581;3670,08;1;1;1;0;0;0;0;1;0;0
584;0,9344;75;1;0,4527;165,9;0,4914;73,5;0;0,5;0,8475;140;0,6857;216;0,1007;5461,11;0;0;0;1;0;0;0;1;0;0
585;0,8689;71;0;0,3704;161,9;0,3828;67,2;0;1;0,8305;139;0,6357;209;0,1038;5591,73;0;0;1;0;0;0;0;1;0;0
586;0,918;74;0;0,5103;168,7;0,3966;68;0;1;0,8644;141;0,5857;202;0,0531;3462,95;0;0;0;0;1;0;0;0;1;0
587;0,9508;76;1;0,6111;173,6;0,769;89,6;0;0,5;0,4915;119;0,5071;191;0,1185;6209,59;1;0;1;0;0;0;0;0;1;0
588;1;79;1;0,7901;182,3;0,6948;85,3;0;0,5;0,7119;132;0,4286;180;0,118;6190,22;1;1;1;0;0;0;0;1;0;0
589;0,6393;57;1;0,6358;174,8;0,3138;63,2;0;1;0,6102;126;0,7286;222;0,0897;4998,51;1;0;0;1;0;0;0;0;1;0
590;0,1311;26;1;0,4979;168,1;0,7138;86,4;0;0;0,5254;121;0,5;190;0,4041;18224,53;1;1;0;0;0;1;0;0;1;0
591;0,1148;25;0;0,3745;162,1;0,1845;55,7;0;1;0,2542;105;0,3857;174;0,0912;5062,67;1;0;0;0;0;1;0;0;0;1
592;0,8033;67;1;0,607;173,4;0,5552;77,2;0;0,5;0,7288;133;0,4571;184;0,0831;4723,87;0;0;0;0;0;1;0;0;0;1
593;0,3115;37;1;0,5309;169,7;0,3828;67,2;0;1;0,3729;112;0,3929;175;0,0754;4397,55;1;1;0;0;1;0;1;0;0;0
594;0,8033;67;0;0,5864;172,4;0,4224;69,5;1;0;0,8136;138;0,7143;220;0,0503;3342,69;1;1;1;0;0;0;0;1;0;0
595;0,9344;75;1;0,4383;165,2;0,869;95,4;1;0;0,6271;127;0,7857;230;0,1528;7653,73;1;1;0;0;1;0;0;0;1;0
596;0,6393;57;1;0,7572;180,7;0,2793;61,2;0;1;0,5932;125;0,5786;201;0,0624;3854,04;1;0;1;0;0;0;0;0;0;1
597;0,7705;65;0;0,4835;167,4;0,1517;53,8;0;1;0,5085;120;0,3929;175;0,068;4088,88;0;0;0;0;0;1;0;1;0;0
598;0,2787;35;0;0,2819;157,6;0,1655;54,6;1;1;0,5593;123;0,2786;159;0,0695;4150,06;1;1;0;0;0;1;0;0;1;0
599;0,4262;44;0;0,5062;168,5;0,4569;71,5;0;1;0,4576;117;0,4286;180;0,0497;3319,36;1;0;0;0;1;0;0;0;0;1
600;0,9672;77;0;0,2819;157,6;0,5862;79;0;0,5;0,6441;128;0,3071;163;0,0246;2263,03;1;0;0;1;0;0;0;0;0;1
601;0,8197;68;1;0,535;169,9;0,5017;74,1;0;0;0,661;129;0,5429;196;0,0733;4309,3;1;0;0;0;1;0;0;0;1;0
602;0,1967;30;0;0,4156;164,1;0,6086;80,3;0;0;0,5424;122;0,3571;170;0,1707;8405,72;1;0;0;0;0;1;1;0;0;0
603;0,9508;76;0;0,4465;165,6;0,6241;81,2;0;0,5;0,5932;125;0,6214;207;0,1133;5993,85;0;0;1;0;0;0;0;0;1;0
604;0,4918;48;0;0,4671;166,6;0,3069;62,8;0;0;0,3559;111;0,7857;230;0,2526;11852,42;0;0;0;0;1;0;0;0;0;1
605;0,8525;70;0;0,3621;161,5;0;45;0;1;0,661;129;0,25;155;0,1588;7906,8;1;1;0;1;0;0;0;1;0;0
606;0,5246;50;0;0,4383;165,2;0,4638;71,9;0;0;0,4576;117;0,8357;237;0,1386;7058,46;1;0;0;1;0;0;0;1;0;0
607;0,6066;55;0;0,465;166,5;0,6414;82,2;0;0;0,4068;114;0,5;190;0,3018;13923,38;1;0;0;0;1;0;1;0;0;0
608;0,1639;28;1;0,6914;177,5;0,8431;93,9;1;0;0,4237;115;0,5786;201;0,0938;5174,13;1;0;0;1;0;0;0;0;1;0
609;0,3279;38;0;0,3539;161,1;0,3224;63,7;1;0;0,661;129;0,3714;172;0,1041;5605,69;1;0;1;0;0;0;1;0;0;0
610;0,7213;62;1;0,8128;183,4;0,9534;100,3;0;0;0,6102;126;0,7071;219;0,0992;5400,61;0;0;1;0;0;0;0;0;1;0
611;0,8525;70;0;0,4465;165,6;0,1155;51,7;0;0,5;0,2881;107;0,5357;195;0,2503;11753,35;1;0;0;1;0;0;0;0;0;1
612;0,082;23;0;0,3786;162,3;0,25;59,5;0;0,5;0,2373;104;0,3214;165;0,1001;5438,5;0;0;0;0;1;0;0;0;0;1
613;0,0656;22;0;0,321;159,5;0,2414;59;0;0,5;0,4576;117;0,0429;126;0,0642;3927,9;1;0;0;0;1;0;0;0;1;0
614;0,6885;60;0;0,5309;169,7;0,4345;70,2;0;1;0,4576;117;0,4929;189;0,1441;7286,93;0;0;1;0;0;0;0;0;0;1
615;0,4426;45;1;0,8868;187;0,7431;88,1;0;0,5;0,4068;114;0,5429;196;0,0567;3611,47;1;0;0;0;1;0;0;0;1;0
616;0,8525;70;0;0,5761;171,9;0,5534;77,1;0;0,5;0,7119;132;0,4929;189;0,1394;7092,09;1;0;0;1;0;0;0;0;1;0
617;0,0656;22;0;0,3704;161,9;0,1121;51,5;1;0,5;0,5424;122;0,6;204;0,1296;6680,32;1;0;0;0;0;1;0;1;0;0
618;0,3443;39;1;0,7407;179,9;0,7724;89,8;0;0;0,6271;127;0,6286;208;0,0883;4940,88;0;0;1;0;0;0;0;0;0;1
619;0,0328;20;1;0,6111;173,6;0,5707;78,1;0;0,5;0;90;0,2214;151;0,1422;7207,7;1;0;0;0;1;0;0;0;0;1
620;0,7049;61;1;0,6337;174,7;0,2552;59,8;0;1;0,7627;135;0,7214;221;0,0322;2581,45;1;0;0;0;0;1;0;0;0;1
621;0,8689;71;0;0,356;161,2;0,1397;53,1;1;0,5;0,7966;137;0,65;211;0,1109;5892,77;1;1;0;1;0;0;0;0;0;1
622;0,1475;27;1;0,7284;179,3;0,7655;89,4;0;0;0,7627;135;0,4214;179;0,0733;4309,67;1;0;1;0;0;0;0;0;0;1
623;0,3279;38;0;0,4568;166,1;0,3155;63,3;0;0,5;0,2881;107;0,4071;177;0,5111;22722,97;1;0;0;0;1;0;0;0;1;0
624;0,8525;70;1;0,6132;173,7;0,331;64,2;0;1;0,339;110;0,5357;195;0,1104;5871,78;1;0;0;0;0;1;0;0;0;1
625;0,0328;20;0;0,1008;148,8;0,2638;60,3;1;0,5;0,4237;115;0,0429;126;0,0667;4031,14;1;0;1;0;0;0;1;0;0;0
626;0,9672;77;1;0,8889;187,1;0,6983;85,5;0;0,5;0,5763;124;0,5286;194;0,0356;2726,7;1;0;1;0;0;0;0;0;1;0
627;0,8852;72;0;0,6255;174,3;0,2948;62,1;0;1;0,678;130;0,3429;168;0,2189;10432,73;0;1;1;0;0;0;1;0;0;0
628;0,1475;27;1;0,7058;178,2;0,3034;62,6;0;0,5;0,4746;118;0,5786;201;0,0792;4559,57;0;0;0;0;0;1;0;0;1;0
629;0,1311;26;0;0,5494;170,6;0,569;78;1;0,5;0,4407;116;0,6714;214;0,0578;3656,73;1;1;0;0;0;1;0;0;1;0
630;0,6885;60;0;0,2572;156,4;0,6379;82;0;0;0,5932;125;0,6786;215;0,1236;6426,27;1;1;1;0;0;0;0;0;1;0
631;0;18;0;0,3498;160,9;0,3448;65;0;0;0,4407;116;0,3429;168;0,1495;7516,53;1;0;1;0;0;0;0;1;0;0
632;0,5082;49;0;0,4506;165,8;0,2069;57;0;1;0,4237;115;0,2929;161;0,1481;7457,51;1;0;0;0;1;0;0;0;1;0
633;0,0656;22;1;0,9856;191,8;0,5552;77,2;0;0,5;0,2373;104;0,2286;152;0,1012;5485,56;1;0;1;0;0;0;0;0;0;1
634;0,5246;50;1;0,7963;182,6;0,4224;69,5;0;0,5;0,5932;125;0,7214;221;0,1107;5881,66;1;0;1;0;0;0;1;0;0;0
635;0,3443;39;1;0,6708;176,5;0,5931;79,4;0;0,5;0,5593;123;0,3;162;0,1158;6099,84;1;0;0;0;1;0;1;0;0;0
636;0,7049;61;1;0,8457;185;0,5259;75,5;1;0;0,9153;144;0,3286;166;0,1236;6426,58;0;0;1;0;0;0;0;0;1;0
637;0,8852;72;0;0,3395;160,4;0,2966;62,2;0;1;0,5593;123;0,6857;216;0,1305;6717,31;1;0;1;0;0;0;0;0;1;0
638;0,4918;48;0;0,4547;166;0,3086;62,9;0;0;0,2542;105;0,7214;221;0,194;9388,36;0;0;0;0;1;0;0;1;0;0
639;0,6393;57;0;0,5679;171,5;0,1138;51,6;1;1;0,6102;126;0,8143;234;0,1036;5587,05;1;0;0;1;0;0;0;0;0;1
640;0,6066;55;0;0,356;161,2;0,6103;80,4;0;0,5;0,3898;113;0,6143;206;0,0567;3610,49;1;1;1;0;0;0;0;1;0;0
641;1;79;0;0,5864;172,4;0,5569;77,3;1;0;0,8475;140;0,9143;248;0,091;5053,59;1;1;0;0;1;0;1;0;0;0
642;0,2295;32;0;0,2963;158,3;0,4569;71,5;1;0;0,4915;119;0,55;197;0,1591;7917,97;0;0;0;0;0;1;0;0;0;1
643;0,2295;32;1;0,9239;188,8;0,1328;52,7;0;1;0,3559;111;0,0714;130;0,0237;2223,27;0;0;1;0;0;0;1;0;0;0
644;0,377;41;1;0,4115;163,9;0,5759;78,4;1;0;0,5085;120;0,5857;202;0,0238;2229,7;1;0;0;1;0;0;0;0;0;1
645;0,7377;63;0;0,2407;155,6;0,5707;78,1;0;0;0,4576;117;0,6571;212;0,1752;8596,74;1;1;0;0;0;1;0;0;1;0
646;0,8689;71;0;0,3992;163,3;0,331;64,2;0;1;0,7458;134;0,5143;192;0,247;11615,1;1;0;1;0;0;0;0;0;0;1
647;0,2787;35;1;0,5761;171,9;0,2414;59;0;0,5;0,2373;104;0,35;169;0,0394;2885,35;1;0;0;1;0;0;1;0;0;0
648;0,0984;24;0;0,2675;156,9;0,3328;64,3;1;0,5;0,4407;116;0,3;162;0,1066;5711,46;1;0;0;0;1;0;0;0;0;1
649;0,6066;55;0;0,4156;164,1;0,5379;76,2;0;0;0,7119;132;0,3929;175;0,0766;4448,08;1;0;0;0;1;0;1;0;0;0
650;0,6066;55;1;0,6975;177,8;0,6466;82,5;0;1;0,6102;126;0,7286;222;0,0842;4767,54;1;0;0;0;1;0;0;0;0;1
651;0,377;41;1;0,4794;167,2;0,5672;77,9;0;0;0,6102;126;0,7429;224;0,1213;6328,16;0;0;0;1;0;0;0;0;0;1
652;0,1803;29;0;0,3642;161,6;0,1103;51,4;0;0;0,4746;118;0,4214;179;0,0385;2845,7;1;1;0;1;0;0;0;0;1;0
653;0,8525;70;0;0,3621;161,5;0,2845;61,5;1;0,5;0,8136;138;0,6786;215;0,0451;3122,51;1;1;0;1;0;0;0;0;0;1
654;0,8525;70;1;0,465;166,5;0,581;78,7;1;0;1;149;0,5643;199;0,0819;4672,15;1;0;0;0;0;1;1;0;0;0
655;0,7541;64;0;0,3889;162,8;0,5086;74,5;0;0,5;0,5932;125;0,5929;203;0,0909;5050,85;1;0;0;0;1;0;0;0;1;0
656;0,5738;53;1;0,6893;177,4;0,3138;63,2;0;0;0,322;109;0,7786;229;0,0444;3093,39;1;0;1;0;0;0;0;0;0;1
657;0,2623;34;0;0,6996;177,9;0,3707;66,5;0;0;0,3898;113;0,2286;152;0,1625;8061,25;0;1;0;1;0;0;0;0;1;0
658;0,3934;42;1;0,644;175,2;0,7534;88,7;1;0,5;0,6441;128;0,5786;201;0,0756;4408,19;0;1;0;0;1;0;1;0;0;0
659;0,0656;22;0;0,3004;158,5;0,1793;55,4;0;1;0,2034;102;0,4;176;0,0754;4398,82;1;0;1;0;0;0;0;1;0;0
660;0,2459;33;1;0,7963;182,6;0,7603;89,1;1;0;0,8136;138;0,6214;207;0,1196;6256,21;0;1;0;0;0;1;0;0;1;0
661;0,4426;45;1;0,5947;172,8;0,4414;70,6;0;0;0,5254;121;0,7286;222;0,0919;5092,61;1;0;0;0;0;1;0;0;0;1
662;0,4426;45;0;0,2099;154,1;0,0155;45,9;0;1;0,4407;116;0,7143;220;0,1671;8256,35;1;0;1;0;0;0;0;0;1;0
663;0,0656;22;1;0,6502;175,5;0,5828;78,8;0;1;0,4407;116;0,2929;161;0,0518;3405,98;1;0;0;0;1;0;0;0;1;0
664;0,9672;77;1;0,7078;178,3;0,6621;83,4;1;0,5;0,7288;133;0,7643;227;0,035;2700,81;1;0;0;1;0;0;0;0;1;0
665;0,2623;34;1;0,43;164,8;0,6534;82,9;0;0;0,4915;119;0,4571;184;0,0814;4652,25;1;1;0;0;1;0;0;0;1;0
666;0,5082;49;0;0,5247;169,4;0,2138;57,4;0;0,5;0,5763;124;0,35;169;0,1039;5597,74;0;0;0;0;1;0;0;0;0;1
667;0,459;46;0;0,5226;169,3;0,4776;72,7;0;0;0,339;110;0,5357;195;0,0403;2920,83;1;0;0;0;1;0;0;0;0;1
668;0,4754;47;0;0,3169;159,3;0,3086;62,9;0;0;0,5085;120;0,6;204;0,0353;2713,85;0;0;0;1;0;0;0;1;0;0
669;0,8525;70;1;0,5309;169,7;0,7931;91;0;0,5;0,6949;131;0,5571;198;0,1123;5950,01;0;1;0;0;0;1;1;0;0;0
670;0,7541;64;1;0,7407;179,9;0,9897;102,4;0;0,5;0,5424;122;0,3786;173;0,0592;3718,63;0;0;0;0;1;0;0;0;1;0
671;0,8689;71;1;0,4095;163,8;0,6983;85,5;1;0,5;0,9153;144;0,5714;200;0,0333;2627,38;1;1;1;0;0;0;1;0;0;0
672;0,377;41;0;0,2737;157,2;0,2603;60,1;0;0,5;0,1864;101;0,3357;167;0,1801;8801,44;0;0;1;0;0;0;0;0;1;0
673;0,2623;34;0;0,3498;160,9;0,0828;49,8;1;0;0,3729;112;0,4357;181;0,065;3960,41;1;0;0;0;1;0;0;0;1;0
674;0,4262;44;0;0,1646;151,9;0,1224;52,1;0;0,5;0,5254;121;0,4643;185;0,2003;9651,86;1;0;0;0;0;1;0;0;1;0
675;0,5574;52;0;0,4218;164,4;0,469;72,2;0;1;0,5932;125;0,5143;192;0,1018;5509,53;1;1;0;0;1;0;1;0;0;0
676;0,3279;38;1;0,5535;170,8;0,2845;61,5;1;1;0,4915;119;0,6357;209;0,1205;6294,17;0;1;0;0;1;0;1;0;0;0
677;0,459;46;0;0,3909;162,9;0,3086;62,9;1;0,5;0,6271;127;0,4071;177;0,087;4886,59;1;0;1;0;0;0;0;0;1;0
678;0,1475;27;0;0,2202;154,6;0,4017;68,3;1;0,5;0,5593;123;0,3714;172;0,0051;1440,03;1;0;1;0;0;0;0;0;0;1
679;0,5902;54;1;0,6626;176,1;0,8966;97;1;0;0,6102;126;0,8571;240;0,044;3076,68;0;0;0;0;1;0;1;0;0;0
680;0,7213;62;1;0,5453;170,4;0,6845;84,7;0;0;0,5424;122;0,5429;196;0,0921;5100,76;1;1;1;0;0;0;0;0;1;0
681;0,5246;50;1;0,8519;185,3;0,5224;75,3;0;0,5;0,4915;119;0,45;183;0,1258;6518,27;0;0;1;0;0;0;0;0;0;1
682;0,8852;72;1;0,7099;178,4;0,7483;88,4;1;0;0,9492;146;0,6929;217;0,0236;2219,78;1;1;0;0;1;0;0;0;0;1
683;1;79;1;0,5247;169,4;0,5655;77,8;0;0,5;0,4746;118;0,7286;222;0,0965;5288,02;1;1;1;0;0;0;0;1;0;0
684;0,918;74;1;0,6543;175,7;0,5603;77,5;0;0,5;0,5763;124;0,7143;220;0,0445;3099,1;1;0;0;1;0;0;1;0;0;0
685;0,082;23;0;0,5576;171;0,4603;71,7;0;0;0,3729;112;0,5571;198;0,116;6107,73;1;0;0;0;0;1;0;0;1;0
686;0,8852;72;1;0,8148;183,5;0,7638;89,3;0;0;0,7458;134;0,6143;206;0,0987;5379,23;1;1;0;1;0;0;1;0;0;0
687;0,3279;38;1;0,5535;170,8;0,8414;93,8;0;0,5;0,3898;113;0,2643;157;0,1581;7877,38;1;0;1;0;0;0;0;0;1;0
688;0,459;46;0;0,3107;159;0,3;62,4;0;1;0,3559;111;0,7;218;0,191;9259,56;1;1;1;0;0;0;1;0;0;0
689;0,4098;43;0;0,2572;156,4;0,5121;74,7;0;0,5;0,5932;125;0,5357;195;0,1333;6832,84;0;0;1;0;0;0;0;0;1;0
690;0,2787;35;0;0,4486;165,7;0,1845;55,7;0;0,5;0,2881;107;0,3143;164;0,1694;8351,5;0;0;1;0;0;0;1;0;0;0
691;0,8852;72;1;0,8251;184;0,8103;92;0;0;0,6441;128;0,8143;234;0,0792;4558,86;1;0;0;0;1;0;0;0;0;1
692;0,6393;57;0;0,4856;167,5;0,2897;61,8;0;0,5;0,2881;107;0,3929;175;0,5006;22282,54;1;1;0;0;1;0;0;0;1;0
693;0,9672;77;1;0,6029;173,2;0,8052;91,7;0;0;0,6271;127;0,8286;236;0,041;2953,04;1;0;0;1;0;0;0;0;0;1
694;0,9672;77;1;0,7119;178,5;0,7431;88,1;0;0,5;0,6949;131;0,7714;228;0,07;4171,88;0;0;1;0;0;0;0;0;0;1
695;0,4262;44;0;0,4383;165,2;0,2414;59;0;1;0,4576;117;0,2857;160;0,1735;8524,33;0;1;1;0;0;0;0;0;0;1
696;0,7377;63;0;0,4095;163,8;0,7362;87,7;0;0,5;0,6102;126;0,5786;201;0,159;7913,78;1;0;1;0;0;0;0;1;0;0
697;0,5082;49;0;0,4383;165,2;0,669;83,8;0;0;0,6271;127;0,6214;207;0,1356;6930,55;1;0;0;0;0;1;0;0;0;1
698;0,4918;48;0;0,3971;163,2;0,631;81,6;0;0;0,8305;139;0,8786;243;0,1518;7613,36;0;1;0;0;1;0;0;1;0;0
699;0,7377;63;0;0,4774;167,1;0,6138;80,6;0;0;0,5424;122;0,4643;185;0,0164;1916,43;0;0;0;0;1;0;0;0;1;0
700;0,6885;60;1;0,465;166,5;0,8466;94,1;0;0,5;0,3051;108;0,6929;217;0,2567;12023,87;1;1;1;0;0;0;0;0;0;1
701;0,918;74;1;0,7202;178,9;0,3207;63,6;0;1;0,4576;117;0,55;197;0,0874;4905,22;0;0;0;0;1;0;1;0;0;0
702;0,7705;65;1;0,5226;169,3;0,9086;97,7;0;0;0,5593;123;0,4;176;0,2116;10126,87;1;1;0;0;1;0;1;0;0;0
703;0,623;56;1;0,7984;182,7;0,4569;71,5;0;0,5;0,3559;111;0,45;183;0,0175;1964,98;1;1;1;0;0;0;0;0;1;0
704;0,918;74;0;0,5761;171,9;0,3552;65,6;0;0,5;0,6102;126;0,5429;196;0,1176;6175,12;0;0;1;0;0;0;0;0;0;1
705;0,0984;24;1;0,6584;175,9;0,6914;85,1;1;0;0,7119;132;0,3571;170;0,0682;4097,98;1;1;1;0;0;0;1;0;0;0
706;0,7705;65;0;0,3889;162,8;0,6828;84,6;0;0;0,8644;141;0,6214;207;0,1427;7230,48;1;1;0;0;1;0;0;0;1;0
707;0,3934;42;0;0,465;166,5;0,1914;56,1;1;0,5;0,6102;126;0,65;211;0,1221;6364,78;0;0;0;0;0;1;0;0;0;1
708;0,4262;44;0;0,1173;149,6;0,2845;61,5;0;0,5;0,7119;132;0,45;183;0,1259;6522,57;0;0;1;0;0;0;0;0;1;0
709;0,7869;66;1;0,5782;172;0,6328;81,7;1;0,5;0,6441;128;0,5429;196;0,0469;3198,79;1;0;0;0;1;0;0;1;0;0
710;0,2623;34;1;0,6605;176;0,5103;74,6;0;0,5;0,1356;98;0,35;169;0,0963;5279,12;1;0;0;1;0;0;1;0;0;0
711;0,8852;72;0;0,0144;144,6;0,4241;69,6;0;1;0,7288;133;0,5357;195;0,0888;4963,75;0;0;0;0;1;0;0;0;0;1
712;0,4918;48;0;0,251;156,1;0,719;86,7;0;1;0,2034;102;0,4643;185;0,1362;6958,05;1;0;1;0;0;0;0;0;1;0
713;0,3443;39;0;0,5082;168,6;0,2793;61,2;0;1;0,2881;107;0,5571;198;0,1826;8907,5;0;0;0;0;1;0;0;0;1;0
714;0,3279;38;0;0,4959;168;0,1172;51,8;0;1;0,4576;117;0,4286;180;0,11;5856,09;0;0;0;0;1;0;0;1;0;0
715;0,4262;44;0;0,4177;164,2;0,0552;48,2;0;1;0,4068;114;0,2143;150;0,039;2869,56;1;0;1;0;0;0;0;0;0;1
716;0,9508;76;1;0,893;187,3;0,4793;72,8;1;1;0,7288;133;0,5786;201;0,1071;5731,83;1;1;0;0;1;0;0;0;1;0
717;0,0984;24;0;0,3992;163,3;0,1741;55,1;0;0,5;0,1356;98;0,3571;170;0,4473;20041,05;0;0;1;0;0;0;1;0;0;0
718;0,5082;49;1;0,9239;188,8;0,519;75,1;0;1;0,4576;117;0,6;204;0,2649;12369,67;0;0;1;0;0;0;0;0;0;1
719;0,8361;69;0;0,3333;160,1;0,3621;66;0;1;0,7119;132;0,7071;219;0;1227,58;1;0;1;0;0;0;0;1;0;0
720;0,4754;47;0;0,3868;162,7;0,2983;62,3;1;0,5;0,5763;124;0,7929;231;0,1041;5606,44;1;0;0;0;1;0;1;0;0;0
721;0,5738;53;0;0,2942;158,2;0,6517;82,8;0;0,5;0,3559;111;0,4714;186;0,1766;8656,45;0;0;0;0;0;1;1;0;0;0
722;0,3443;39;1;0,5576;171;0,4483;71;0;0,5;0,2203;103;0,5071;191;0,0887;4958,39;1;0;0;1;0;0;0;0;0;1
723;0,1311;26;1;0,856;185,5;0,3776;66,9;0;1;0,2034;102;0,1357;139;0,0734;4315,44;1;0;1;0;0;0;0;0;1;0
724;0,6393;57;0;0,5432;170,3;0,4776;72,7;0;0,5;0,5593;123;0,5357;195;0,0838;4752,94;0;0;1;0;0;0;0;0;1;0
725;0,9344;75;1;0,7922;182,4;0,6448;82,4;1;1;0,7797;136;0,5;190;0,141;7158,78;0;1;1;0;0;0;0;1;0;0
726;0,5246;50;1;0,5412;170,2;0,6328;81,7;0;1;0,3559;111;0,4357;181;0,0435;3058,76;0;1;0;0;0;1;1;0;0;0
727;0,4262;44;1;0,7305;179,4;0,5;74;0;1;0,1186;97;0,85;239;0,2048;9841,31;0;0;1;0;0;0;0;0;0;1
728;0,1311;26;1;0,6029;173,2;0,7638;89,3;0;0;0,4746;118;0,4571;184;0,0964;5281,7;1;0;0;0;1;0;0;1;0;0
729;0,9508;76;1;0,8683;186,1;0,5534;77,1;0;0,5;0,4915;119;0,4286;180;0,0517;3403,26;0;0;0;0;0;1;0;0;1;0
730;0,8689;71;0;0,2942;158,2;0,431;70;0;1;0,678;130;0,5929;203;0,1974;9529,76;1;0;1;0;0;0;0;0;0;1
731;0,9016;73;1;0,7757;181,6;0,6414;82,2;0;1;0,4915;119;0,4643;185;0,0305;2508,49;1;1;0;0;1;0;0;1;0;0
732;0,3607;40;1;0,3292;159,9;0,6397;82,1;0;1;0,2712;106;0,2643;157;0,0687;4115;0;0;0;0;0;1;0;0;1;0
733;0,623;56;1;0,6276;174,4;0,3638;66,1;0;0,5;0,5085;120;0,7714;228;0,0678;4081,27;0;0;1;0;0;0;1;0;0;0
734;0,4262;44;1;0,6996;177,9;0,4362;70,3;0;0,5;0,7458;134;0,5714;200;0,3481;15866,59;0;0;0;1;0;0;0;0;1;0
735;0,2295;32;1;0,6728;176,6;0,7483;88,4;0;0;0,5593;123;0,4857;188;0,0625;3856,4;1;0;0;0;1;0;0;0;1;0
736;0,1967;30;0;0,4609;166,3;0;45;0;1;0,3559;111;0,3;162;0,0148;1849,22;0;0;1;0;0;0;0;0;1;0
737;0,377;41;1;0,5864;172,4;0,7259;87,1;0;0;0,5593;123;0,4286;180;0,0674;4060,63;1;1;0;0;1;0;0;1;0;0
738;0,5574;52;1;0,6461;175,3;0,7293;87,3;1;0,5;0,3729;112;0,7786;229;0,133;6821,09;0;1;0;1;0;0;1;0;0;0
739;0,1148;25;1;0,8107;183,3;0,3121;63,1;1;1;0,2881;107;0,4857;188;0,1619;8038,86;0;0;1;0;0;0;1;0;0;0
740;0,7049;61;1;0,3107;159;0,5466;76,7;0;0,5;0,1864;101;0,05;127;0,3739;16954,18;1;1;0;0;1;0;1;0;0;0
741;0,459;46;1;0,7243;179,1;0,5224;75,3;1;0;0,8983;143;0,95;253;0,2318;10975,81;0;0;0;1;0;0;0;1;0;0
742;0,8852;72;1;0,5926;172,7;0,6655;83,6;0;0;0,8983;143;0,6357;209;0,1127;5966,77;1;1;0;1;0;0;0;0;0;1
743;0,2787;35;0;0,4486;165,7;0,1431;53,3;0;1;0,4237;115;0,4286;180;0,0535;3478,28;0;0;0;0;0;1;0;1;0;0
744;0,0492;21;1;0,6893;177,4;0,4086;68,7;0;0,5;0,3051;108;0,4714;186;0,2617;12234,48;0;0;0;0;1;0;0;0;0;1
745;0,3115;37;0;0,2819;157,6;0,3379;64,6;1;0;0,4068;114;0,6357;209;0,0782;4517,52;0;1;1;0;0;0;0;0;1;0
746;0,9836;78;1;0,7901;182,3;0,6121;80,5;1;0,5;0,7288;133;0,7786;229;0,0637;3908,55;1;0;1;0;0;0;0;0;0;1
747;0,3115;37;1;0,6214;174,1;0,6086;80,3;0;0;0,7288;133;0,4;176;0,0756;4409,26;1;0;1;0;0;0;0;1;0;0
748;0,7049;61;1;0,7654;181,1;0,7431;88,1;0;1;0,5424;122;0,3143;164;0,0399;2904,03;0;1;1;0;0;0;0;1;0;0
749;0,8525;70;0;0,3477;160,8;0,3672;66,3;0;0,5;0,4915;119;0,5714;200;0,0732;4304,82;0;0;1;0;0;0;0;0;1;0
750;0,2787;35;0;0,3642;161,6;0,4828;73;1;0;0,3729;112;0,7643;227;0,0857;4834,08;0;0;1;0;0;0;0;1;0;0
751;0,6393;57;1;0,5391;170,1;0,619;80,9;1;0;0,9153;144;0,5571;198;0,1569;7826,95;1;0;1;0;0;0;0;0;1;0
752;0,1967;30;1;0,5494;170,6;0,4448;70,8;0;0,5;0,322;109;0,25;155;0,0772;4473,63;1;0;0;1;0;0;1;0;0;0
753;0,3607;40;1;0,7613;180,9;0,3172;63,4;0;0,5;0,1525;99;0,5714;200;0,0393;2882,09;0;1;0;0;1;0;0;0;0;1
754;0,2951;36;1;0,6337;174,7;0,2034;56,8;0;1;0,2542;105;0,3143;164;0,0287;2436;0;1;0;0;1;0;0;1;0;0
755;0,6721;59;0;0,5226;169,3;0,2276;58,2;0;0,5;0,339;110;0,4214;179;0,1142;6031,7;1;0;1;0;0;0;0;0;0;1
756;0,8852;72;1;0,3971;163,2;0,6603;83,3;0;0,5;0,5763;124;0,4857;188;0,1047;5632,52;1;1;1;0;0;0;0;0;0;1
757;0,2459;33;1;0,7593;180,8;0,7862;90,6;0;0;0,4915;119;0,4357;181;0,0687;4116,85;1;1;0;0;0;1;0;0;0;1
758;0,2951;36;0;0,3848;162,6;0,1914;56,1;0;0;0,4068;114;0,2286;152;0,073;4299,58;1;0;0;0;1;0;1;0;0;0
759;0,8197;68;1;0,6872;177,3;0,4276;69,8;1;1;0,8136;138;0,55;197;0,1276;6596,16;1;0;0;0;1;0;1;0;0;0
760;0,459;46;1;0,8189;183,7;0,4828;73;0;0;0,5424;122;0,5286;194;0,2296;10886,44;1;1;0;0;1;0;1;0;0;0
761;0,5082;49;0;0,3457;160,7;0,2103;57,2;0;1;0,5932;125;0,4714;186;0,0582;3677,28;1;0;1;0;0;0;1;0;0;0
762;0,7049;61;1;0,6337;174,7;0,7552;88,8;0;0,5;0,4746;118;0,6571;212;0,1058;5678,55;0;0;0;0;0;1;0;0;0;1
763;0,1311;26;1;0,6152;173,8;0,5569;77,3;0;0;0,8305;139;0,6714;214;0,1793;8770,38;0;0;0;1;0;0;0;1;0;0
764;0,8852;72;1;0,6955;177,7;0,731;87,4;0;0;0,6102;126;0,8214;235;0,0584;3684,69;0;1;0;0;0;1;0;0;1;0
765;0,3607;40;0;0,5267;169,5;0,6483;82,6;0;0;0,3729;112;0,6;204;0,0989;5389,37;1;0;0;0;0;1;0;1;0;0
766;0,6557;58;1;0,4486;165,7;0,5414;76,4;0;1;0,3729;112;0,4571;184;0,0975;5329,44;1;0;0;0;0;1;0;0;0;1
767;0,4262;44;1;0,7222;179;0,4569;71,5;0;0,5;0,3898;113;0,3286;166;0,0379;2819,61;1;0;0;0;1;0;0;0;1;0
768;0,7541;64;1;0,7881;182,2;0,6362;81,9;0;0,5;0,3051;108;0,5071;191;0,1113;5909,1;1;1;0;0;0;1;1;0;0;0
769;0,6066;55;1;0,6132;173,7;0,4759;72,6;1;0,5;0,661;129;0,6571;212;0,102;5518,01;1;1;0;0;0;1;0;0;0;1
770;0,1639;28;0;0,1584;151,6;0,3724;66,6;0;0,5;0,0678;94;0,4643;185;0,1413;7169,15;0;0;0;0;1;0;0;0;0;1
771;0,1803;29;1;0,6996;177,9;0,4741;72,5;0;1;0,3559;111;0,4429;182;0,0422;3000,57;0;0;1;0;0;0;0;1;0;0
772;0,8852;72;0;0,5;168,2;0,119;51,9;0;1;0,4068;114;0,5214;193;0,1006;5458,81;0;0;0;0;1;0;0;0;0;1
773;0,5246;50;0;0,072;147,4;0,3948;67,9;1;0,5;0,5424;122;0,6643;213;0,2285;10838,58;1;0;1;0;0;0;0;0;0;1
774;0,2787;35;0;0,2716;157,1;0,1948;56,3;0;1;0,4576;117;0,5571;198;0,3357;15348,15;1;0;0;0;1;0;0;1;0;0
775;0,1311;26;1;0,4979;168,1;0,4707;72,3;1;1;0,7627;135;0,5714;200;0,2157;10301,7;1;0;1;0;0;0;0;0;0;1
776;0,1148;25;0;0,463;166,4;0,4207;69,4;1;0,5;0,3051;108;0,4357;181;0,0425;3015,33;1;1;1;0;0;0;0;0;1;0
777;0,9344;75;0;0,3086;158,9;0,5017;74,1;0;0,5;0,5932;125;0,4286;180;0,1326;6805,77;0;0;1;0;0;0;1;0;0;0
778;0,9836;78;1;0,6667;176,3;0,7121;86,3;1;0;0,7627;135;0,6214;207;0,0722;4265,98;1;1;1;0;0;0;1;0;0;0
779;0,3934;42;0;0,463;166,4;0,3586;65,8;0;1;0,2881;107;0,3143;164;0,1197;6260,09;0;0;1;0;0;0;0;0;1;0
780;0,1967;30;0;0,3148;159,2;0,0776;49,5;0;1;0,2373;104;0,3929;175;0,0586;3691,88;1;0;1;0;0;0;0;1;0;0
781;0,4098;43;1;0,6687;176,4;0,481;72,9;0;0;0,6271;127;0,5571;198;0,0256;2305,99;0;0;0;0;0;1;0;1;0;0
782;0,1311;26;0;0,2346;155,3;0;45;0;1;0,2542;105;0,1357;139;0,0795;4572,16;0;0;0;0;1;0;0;1;0;0
783;0,5574;52;1;0,5885;172,5;0,4517;71,2;0;1;0,7797;136;0,3786;173;0,1562;7795,5;1;0;0;1;0;0;1;0;0;0
784;0,623;56;0;0,465;166,5;0,3759;66,8;0;0;0,6441;128;0,5714;200;0,12;6272,94;0;1;0;0;0;1;0;0;1;0
785;1;79;0;0,4033;163,5;0,5;74;0;0,5;0,4915;119;0,4357;181;0,1288;6644,03;1;1;0;1;0;0;0;1;0;0
786;0,3115;37;1;0,6646;176,2;0,1517;53,8;0;1;0,339;110;0,45;183;0,1147;6052,19;0;0;0;0;1;0;1;0;0;0
787;0,1967;30;0;0,3066;158,8;0,1086;51,3;0;1;0,2373;104;0,3143;164;0,1289;6649,28;0;0;1;0;0;0;1;0;0;0
788;0,1311;26;1;0,6914;177,5;0,6845;84,7;0;0;0,5254;121;0,3071;163;0,1391;7078,07;0;0;1;0;0;0;1;0;0;0
789;0,377;41;0;0,5412;170,2;0,2052;56,9;1;0,5;0,322;109;0,5214;193;0,0834;4734,63;0;0;0;0;1;0;0;0;0;1
790;0,6066;55;0;0,1852;152,9;0,4397;70,5;0;0,5;0,3051;108;0,5214;193;0,1054;5661,51;1;0;0;0;0;1;0;0;1;0
791;0,0656;22;1;0,5844;172,3;0,531;75,8;0;0;0,3051;108;0,2714;158;0,2796;12986,03;0;0;0;0;1;0;0;0;0;1
792;0,7705;65;1;0,5247;169,4;0,6121;80,5;1;0,5;0,7797;136;0,5786;201;0,1095;5831,42;0;0;1;0;0;0;0;1;0;0
793;0,459;46;1;0,5288;169,6;0,7534;88,7;0;0;0,6949;131;0,5643;199;0,1027;5548,49;1;0;0;1;0;0;1;0;0;0
794;0,8033;67;1;0,5617;171,2;0,8569;94,7;0;0;0,8475;140;0,4786;187;0,1068;5718,39;1;1;1;0;0;0;0;0;0;1
795;0,459;46;1;0,642;175,1;0,5793;78,6;0;0,5;0,5085;120;0,1857;146;0,0866;4870,96;0;0;0;0;1;0;0;0;0;1
796;0,1475;27;1;0,6605;176;0,4052;68,5;1;0,5;0,4407;116;0,2286;152;0,0747;4369,14;1;0;0;1;0;0;1;0;0;0
797;0,0164;19;1;0,6132;173,7;0,4345;70,2;1;0,5;0,5254;121;0,3571;170;0,1142;6029,02;1;0;1;0;0;0;1;0;0;0
798;0,5574;52;1;0,5782;172;0,55;76,9;0;1;0,322;109;0,2643;157;0,0711;4218,11;0;0;0;1;0;0;0;0;1;0
799;0,541;51;0;0,4527;165,9;0,2328;58,5;0;0,5;0,2203;103;0,4;176;0,0909;5050,5;0;0;1;0;0;0;1;0;0;0
800;0,8197;68;0;0,4527;165,9;0,4966;73,8;0;0;0,7288;133;0,8286;236;0,0578;3658,26;1;0;1;0;0;0;0;0;0;1
801;0,8852;72;0;0,2428;155,7;0,4776;72,7;0;0;0,5593;123;0,4143;178;0,1071;5733,07;1;0;1;0;0;0;0;0;0;1
802;0,1475;27;1;0,5597;171,1;0,6069;80,2;1;0;0,5424;122;0,4857;188;0,1438;7274,26;1;0;1;0;0;0;0;0;1;0
803;0,3115;37;0;0,428;164,7;0,1983;56,5;1;0,5;0,5254;121;0,8;232;0,087;4885,58;0;0;0;0;0;1;0;1;0;0
804;0,1967;30;0;0,5597;171,1;0,1672;54,7;0;0;0,4746;118;0,4857;188;0,0181;1989,84;1;0;1;0;0;0;1;0;0;0
805;0,0984;24;1;0,4403;165,3;0,6862;84,8;0;0;0,5254;121;0,35;169;0,1443;7296,76;1;0;1;0;0;0;0;1;0;0
806;0;18;1;0,7613;180,9;0,731;87,4;0;0;0,4746;118;0,3571;170;0,108;5768,06;0;0;1;0;0;0;0;0;1;0
807;0,082;23;0;0,4321;164,9;0,0534;48,1;0;0,5;0,322;109;0,3857;174;0,0494;3305,64;0;0;0;0;0;1;0;0;1;0
808;0,5246;50;1;0,7716;181,4;0,6293;81,5;0;0,5;0,3898;113;0,6857;216;0,1609;7995,51;0;1;1;0;0;0;1;0;0;0
809;0,1475;27;0;0,214;154,3;0,3397;64,7;0;1;0,339;110;0,2714;158;0,035;2699,41;1;0;1;0;0;0;0;1;0;0
810;0,1967;30;0;0,358;161,3;0,281;61,3;0;1;0,2542;105;0,25;155;0,1886;9160,94;0;0;0;0;0;1;0;1;0;0
811;0,1148;25;1;0,8724;186,3;0,4552;71,4;0;0,5;0,2881;107;0,1357;139;0,0963;5278,07;1;0;0;1;0;0;0;1;0;0
812;0,7213;62;1;0,7222;179;0,5828;78,8;0;0;0,9831;148;0,5786;201;0,0123;1746,85;1;1;1;0;0;0;0;0;0;1
813;0,6393;57;0;0,428;164,7;0,4;68,2;0;0,5;0,5254;121;0,2714;158;0,112;5938,22;0;1;1;0;0;0;1;0;0;0
814;0,9672;77;0;0,4506;165,8;0,5776;78,5;0;0;0,7797;136;0,5643;199;0,0762;4433,32;0;1;0;1;0;0;0;1;0;0
815;0,0984;24;1;0,5761;171,9;0,5241;75,4;0;0,5;0,2034;102;0,2;148;0,0686;4111,63;1;1;0;0;1;0;0;1;0;0
816;0,1967;30;0;0,3498;160,9;0,2948;62,1;1;0,5;0,6102;126;0,6143;206;0,0601;3756,1;0;0;1;0;0;0;1;0;0;0
817;0,459;46;0;0,2819;157,6;0,2103;57,2;0;0,5;0,5424;122;0,35;169;0,092;5096,92;1;0;0;0;1;0;0;0;1;0
818;0,6557;58;0;0,5082;168,6;0,5534;77,1;0;0;0,7119;132;0,6071;205;0,0721;4261,62;1;1;1;0;0;0;1;0;0;0
819;0,1311;26;0;0,4156;164,1;0,3741;66,7;0;0,5;0,339;110;0,1143;136;0,0219;2146,63;1;0;1;0;0;0;0;0;1;0
820;0,2131;31;1;0,7634;181;0,4362;70,3;0;1;0,4915;119;0,3786;173;0,2148;10260,26;1;1;1;0;0;0;0;0;0;1
821;0,4262;44;1;0,6708;176,5;0,4569;71,5;0;1;0,5932;125;0,2429;154;0,0851;4806,96;0;0;0;0;1;0;0;0;1;0
822;0,0164;19;0;0,1564;151,5;0,5224;75,3;0;0,5;0,3051;108;0,25;155;0,0604;3766,99;0;0;1;0;0;0;1;0;0;0
823;0,3934;42;1;0,6605;176;0,4707;72,3;0;0,5;0,3898;113;0,7214;221;0,0443;3089,57;0;0;1;0;0;0;0;1;0;0
824;0,7705;65;0;0,3477;160,8;0,6897;85;0;0;0,7627;135;0,7143;220;0,1607;7985,37;1;1;1;0;0;0;0;0;0;1
825;0,5246;50;0;0,3025;158,6;0,269;60,6;0;0,5;0,339;110;0,4214;179;0,0383;2837,8;1;0;1;0;0;0;0;0;0;1
826;0,4262;44;1;0,6708;176,5;0,7155;86,5;0;0,5;0,322;109;0,8714;242;0,1089;5808,01;1;0;0;0;0;1;1;0;0;0
827;0,4918;48;0;0,2305;155,1;0,6397;82,1;1;0;0,678;130;0,4786;187;0,0673;4056,9;0;0;1;0;0;0;0;0;1;0
828;0,9508;76;1;0,6893;177,4;0,6052;80,1;0;0,5;0,3729;112;0,7214;221;0,0701;4176,76;1;1;1;0;0;0;0;1;0;0
829;0,5246;50;0;0,642;175,1;0,4793;72,8;0;1;0,5763;124;0,2214;151;0,0452;3128,22;1;0;0;0;1;0;0;0;0;1
830;0,541;51;1;0,751;180,4;0,6448;82,4;0;0,5;0,339;110;0,4143;178;0,0655;3983,2;0;0;1;0;0;0;1;0;0;0
831;0,9344;75;0;0,3683;161,8;0,3138;63,2;0;0,5;0,5424;122;0,3571;170;0,1005;5455,65;0;1;1;0;0;0;0;0;1;0
832;0,1475;27;0;0,2325;155,2;0,2603;60,1;0;0,5;0,2881;107;0,3786;173;0,1161;6109,84;1;0;0;0;1;0;0;0;1;0
833;0,082;23;1;0,4424;165,4;0,6638;83,5;0;0,5;0,3051;108;0,3357;167;0,058;3667,27;1;0;1;0;0;0;0;0;1;0
834;0,4426;45;0;0,321;159,5;0,4845;73,1;0;0,5;0,3898;113;0,3786;173;0,0942;5190,23;0;0;0;0;0;1;0;0;0;1
835;0,3115;37;0;0,2881;157,9;0,2948;62,1;0;0;0,4746;118;0,6143;206;0,1722;8469,5;1;0;0;1;0;0;1;0;0;0
836;0,1967;30;0;0,284;157,7;0,3;62,4;0;0,5;0,339;110;0,2786;159;0,0271;2365,36;1;0;0;0;0;1;1;0;0;0
837;0,1148;25;0;0,3313;160;0,3345;64,4;1;0,5;0,3898;113;0,4929;189;0,0996;5414,66;0;0;0;0;0;1;1;0;0;0
838;0,8852;72;0;0,3601;161,4;0,4603;71,7;1;0;0,7288;133;0,8357;237;0,0511;3376,54;1;0;1;0;0;0;0;0;1;0
839;0,623;56;1;0,8621;185,8;0,7983;91,3;1;1;0,7797;136;0,3643;171;0,0471;3208,82;1;1;0;0;1;0;0;0;1;0
840;0,6885;60;0;0,2202;154,6;0,5328;75,9;1;0;0,4746;118;0,5571;198;0,118;6188,86;1;0;1;0;0;0;0;1;0;0
841;0,1148;25;1;0,7037;178,1;0,5052;74,3;0;0,5;0,2881;107;0,3429;168;0,0691;4135,54;1;0;0;0;0;1;0;0;0;1
842;0,3443;39;0;0,3519;161;0,5069;74,4;0;0,5;0,322;109;0,4857;188;0,0411;2956,02;1;1;1;0;0;0;0;0;1;0
843;0,623;56;0;0,3477;160,8;0,3362;64,5;0;0,5;0,5424;122;0,6714;214;0,2212;10531,66;1;0;0;0;0;1;0;0;1;0
844;0,5246;50;1;0,6502;175,5;0,7172;86,6;0;0,5;0,2542;105;0,4143;178;0,1754;8604,54;1;0;0;0;1;0;0;0;1;0
845;0,7049;61;1;0,6132;173,7;0,2552;59,8;0;1;0,4576;117;0,4429;182;0,02;2066,99;1;0;0;0;0;1;0;1;0;0
846;0,6721;59;0;0,1728;152,3;0,331;64,2;0;0,5;0,4915;119;0,3571;170;0,0326;2598,75;0;0;1;0;0;0;1;0;0;0
847;0,4098;43;1;0,5761;171,9;0,7034;85,8;1;0,5;0,6949;131;0,5643;199;0,1446;7308,03;0;0;1;0;0;0;0;0;1;0
848;0,7869;66;0;0,4403;165,3;0,6293;81,5;0;0,5;0,5932;125;0,4714;186;0,0828;4710,56;1;0;1;0;0;0;0;1;0;0
849;0,2623;34;1;0,6687;176,4;0,5328;75,9;1;0;0,4407;116;0,5143;192;0,2443;11502,13;1;1;1;0;0;0;0;0;0;1
850;0,0656;22;0;0,2222;154,7;0,2793;61,2;0;0;0,322;109;0,3786;173;0,1466;7392,11;0;0;0;0;1;0;0;0;1;0
851;0,918;74;1;0,5514;170,7;0,7172;86,6;1;0,5;0,8475;140;0,7286;222;0,1208;6309;0;0;0;1;0;0;0;0;1;0
852;0,0164;19;1;0,7428;180;0,5155;74,9;0;0;0,2203;103;0,3;162;0,0483;3258,65;0;0;0;0;1;0;0;0;1;0
853;0,2787;35;0;0,4547;166;0,2948;62,1;0;0,5;0,3559;111;0,2714;158;0,1359;6944,6;1;0;1;0;0;0;0;0;0;1
854;0,1148;25;0;0,3971;163,2;0,4276;69,8;1;0,5;0,4407;116;0,5071;191;0,0391;2870,15;1;0;0;0;1;0;0;0;1;0
855;0,2295;32;1;0,5638;171,3;0,4552;71,4;1;0,5;0,4407;116;0,0429;126;0,2188;10431,89;1;0;0;0;1;0;0;0;0;1
856;0,3934;42;1;0,4856;167,5;0,3897;67,6;0;0;0,8814;142;0,3929;175;0,1303;6708,09;0;1;0;0;1;0;0;0;0;1
857;0,1311;26;0;0,4424;165,4;0,0086;45,5;0;1;0,2542;105;0,1786;145;0,0563;3596,03;1;0;0;1;0;0;1;0;0;0
858;0,459;46;0;0,3025;158,6;0,3621;66;0;0,5;0,4915;119;0,6;204;0,1639;8122,06;1;0;0;1;0;0;0;0;1;0
859;0,9344;75;1;0,5391;170,1;0,3845;67,3;1;0,5;0,6441;128;0,5929;203;0,3669;16659,94;1;1;0;1;0;0;1;0;0;0
860;0,1311;26;0;0,2942;158,2;0,3707;66,5;0;0;0,4915;119;0,3286;166;0,0866;4871,67;1;0;0;1;0;0;0;0;1;0
861;0,9344;75;0;0,393;163;0,2431;59,1;0;0,5;0,7288;133;0,5429;196;0,1409;7152,42;1;0;1;0;0;0;0;0;1;0
862;0,4098;43;0;0,2119;154,2;0,6828;84,6;0;0;0,4407;116;0,4;176;0,0749;4376,85;1;0;0;0;1;0;1;0;0;0
863;0,5902;54;0;0,2449;155,8;0,6793;84,4;0;0,5;0,4746;118;0,4;176;0,1056;5668,48;1;1;0;0;1;0;0;0;1;0
864;0,4426;45;0;0,3786;162,3;0,2121;57,3;0;0,5;0,3051;108;0,4357;181;0,0316;2556,47;0;0;1;0;0;0;0;1;0;0
865;0,3115;37;1;0,7613;180,9;0,4586;71,6;0;1;0,2203;103;0,3286;166;0,0999;5430,22;0;0;1;0;0;0;0;0;1;0
866;0,0984;24;0;0,1626;151,8;0,1707;54,9;1;0,5;0,5763;124;0,3786;173;0,1028;5551,31;1;0;0;0;1;0;0;1;0;0
867;0,5902;54;0;0,4342;165;0,3379;64,6;0;0,5;0,4068;114;0,3143;164;0,2883;13353,03;0;0;0;0;1;0;0;0;1;0
868;0,918;74;0;0,2716;157,1;0,7845;90,5;0;0;0,3729;112;0,45;183;0,0234;2213,87;0;0;0;1;0;0;1;0;0;0
869;0,5246;50;1;0,5638;171,3;0,5138;74,8;0;0,5;0,6949;131;0,45;183;0,083;4719,97;1;0;1;0;0;0;0;0;0;1
870;0,6066;55;1;0,5226;169,3;0,5517;77;0;0,5;0,3729;112;0,5071;191;0,2167;10342,93;1;1;0;0;1;0;0;1;0;0
871;0,6393;57;0;0,2346;155,3;0,2586;60;0;0,5;0,4576;117;0,2714;158;0,0852;4813,18;1;1;1;0;0;0;1;0;0;0
872;0,3934;42;1;0,751;180,4;0,819;92,5;0;0;0,7288;133;0,5857;202;0,0894;4985,7;1;1;1;0;0;0;0;0;1;0
873;0,1148;25;0;0,2593;156,5;0;45;0;0;0,3898;113;0,5143;192;0,056;3580,9;1;0;0;0;1;0;0;1;0;0
874;0,5082;49;1;0,6461;175,3;0,6172;80,8;0;0;0,5254;121;0,65;211;0,0518;3407,37;1;0;0;0;1;0;0;0;1;0
875;0,8689;71;0;0,3724;162;0,2983;62,3;0;1;0,4237;115;0,5786;201;0,0226;2179,98;1;1;0;0;1;0;0;1;0;0
876;0,3115;37;0;0,3539;161,1;0,2466;59,3;0;0,5;0,1525;99;0,4786;187;0,0651;3965,52;1;0;0;0;1;0;0;1;0;0
877;0,8852;72;1;0,6646;176,2;0,8569;94,7;0;0;0,661;129;0,9214;249;0,0496;3312,05;1;1;0;1;0;0;0;0;1;0
878;0,8525;70;1;0,5802;172,1;0,6741;84,1;0;1;0,6271;127;0,4857;188;0,1078;5761,88;1;1;1;0;0;0;0;0;1;0
879;0,2459;33;0;0,214;154,3;0,2362;58,7;0;0;0,4915;119;0,2929;161;0,0579;3663,47;0;0;1;0;0;0;1;0;0;0
880;0,5738;53;0;0,4239;164,5;0,6672;83,7;0;0,5;0,4068;114;0,2357;153;0,0724;4273,57;1;0;1;0;0;0;0;1;0;0
881;0,7541;64;1;0,4156;164,1;0,4172;69,2;1;0,5;0,678;130;0,8643;241;0,0738;4332,49;1;0;1;0;0;0;0;1;0;0
882;0,4918;48;0;0,2366;155,4;0,4224;69,5;0;1;0,2034;102;0,6857;216;0,0969;5302,41;1;0;1;0;0;0;0;1;0;0
883;0,7049;61;0;0,4753;167;0,419;69,3;0;0,5;0,5932;125;0,3571;170;0,07;4170,28;0;0;1;0;0;0;1;0;0;0
884;0,918;74;1;0,5144;168,9;0,5707;78,1;0;0,5;0,6271;127;0,4429;182;0,0468;3194,25;0;0;1;0;0;0;0;0;1;0
885;0,623;56;1;0,7346;179,6;0,4155;69,1;0;1;0,7627;135;0,4214;179;0,1056;5669,65;1;0;1;0;0;0;1;0;0;0
886;0,8361;69;1;0,6296;174,5;0,7259;87,1;0;0;0,678;130;0,7714;228;0,191;9262,61;1;1;1;0;0;0;0;0;1;0
887;0,8033;67;1;0,7222;179;0,5293;75,7;1;1;0,5593;123;0,4357;181;0,1085;5792;1;1;0;0;0;1;0;1;0;0
888;0,8197;68;1;0,6132;173,7;0,3759;66,8;0;1;0,5593;123;0,2357;153;0,066;4004,16;1;0;0;0;0;1;0;0;0;1
889;0,8525;70;1;0,5267;169,5;0,4759;72,6;0;1;0,5254;121;0,8357;237;0,0922;5107,3;0;1;0;0;1;0;0;1;0;0
890;0,2131;31;0;0,321;159,5;0,319;63,5;0;0;0,5085;120;0,4786;187;0,0171;1948,24;1;1;1;0;0;0;0;1;0;0
891;0,0164;19;1;0,4588;166,2;0,4328;70,1;0;0;0,3729;112;0,4429;182;0,0913;5065,96;0;1;0;1;0;0;0;1;0;0
892;0,1475;27;0;0,2058;153,9;0,1983;56,5;0;0,5;0,1525;99;0,3143;164;0,0765;4446,28;1;0;0;0;1;0;0;0;0;1
893;0,2459;33;1;0,5041;168,4;0,3759;66,8;0;0,5;0,1356;98;0,4357;181;0,0518;3405,92;1;0;1;0;0;0;1;0;0;0
894;0,6885;60;1;0,7716;181,4;0,5448;76,6;0;0,5;0,5593;123;0,2714;158;0,0595;3729,21;0;0;0;0;0;1;1;0;0;0
895;0,5082;49;0;0,428;164,7;0,3069;62,8;0;1;0,6441;128;0,3214;165;0,076;4424,37;1;0;1;0;0;0;0;0;0;1
896;0,4754;47;0;0,3601;161,4;0,3793;67;0;0,5;0,4576;117;0,4429;182;0,1829;8921,59;0;0;0;0;0;1;0;1;0;0
897;0;18;1;0,4774;167,1;0,7672;89,5;0;0,5;0,3729;112;0;120;0,1938;9377,14;1;0;1;0;0;0;0;0;0;1
898;0,6885;60;1;0,5432;170,3;0,2983;62,3;0;0,5;0,661;129;0,4429;182;0,052;3415,02;0;1;0;1;0;0;0;1;0;0
899;0,3607;40;1;0,6955;177,7;0,7207;86,8;0;0;0,5424;122;0,4214;179;0,0705;4192,12;1;0;0;0;0;1;1;0;0;0
900;0,7705;65;0;0,3354;160,2;0,5138;74,8;0;0;0,5424;122;0,5357;195;0,0718;4245,88;1;1;0;0;0;1;0;0;1;0
901;0,0984;24;1;0,8807;186,7;0,7259;87,1;0;0;0,4237;115;0,3214;165;0,1644;8141,85;0;1;1;0;0;0;0;0;1;0
902;0,2951;36;1;0,6461;175,3;0,519;75,1;0;1;0,5424;122;0,2429;154;0,1097;5841,56;1;0;0;0;0;1;0;0;0;1
903;0,0492;21;1;0,9053;187,9;0,4793;72,8;1;0,5;0,4915;119;0,1643;143;0,1061;5689,6;1;0;0;0;1;0;0;1;0;0
904;0,2787;35;1;0,5988;173;0,5621;77,6;0;0,5;0,4746;118;0,4;176;0,1397;7102;0;0;0;0;0;1;0;0;0;1
905;0,9344;75;0;0,2263;154,9;0,3328;64,3;0;0,5;0,5424;122;0,5071;191;0,0667;4031,09;1;0;1;0;0;0;0;0;1;0
906;0,4918;48;0;0,249;156;0,45;71,1;0;0,5;0,4237;115;0,2357;153;0,2262;10742,29;0;0;1;0;0;0;1;0;0;0
907;0,4426;45;0;0,4218;164,4;0;45;0;1;0,4068;114;0,4286;180;0,0998;5426,92;1;0;1;0;0;0;0;0;0;1
908;0,2623;34;1;0,3025;158,6;0,5224;75,3;1;1;0,4915;119;0,4429;182;0,055;3540,57;1;0;0;0;0;1;0;1;0;0
909;0,2623;34;1;0,4774;167,1;0,5328;75,9;0;0,5;0,5254;121;0,3071;163;0,0859;4842,47;1;0;0;0;1;0;0;0;0;1
910;0,6721;59;1;0,7078;178,3;0,4138;69;1;1;0,322;109;0,2786;159;0,2099;10056,4;1;1;0;0;1;0;1;0;0;0
911;1;79;0;0,3992;163,3;0,4138;69;1;0,5;0,7627;135;0,7714;228;0,0752;4391,51;0;0;0;0;0;1;1;0;0;0
912;0,7541;64;0;0,2325;155,2;0,3845;67,3;0;0,5;0,5254;121;0,3286;166;0,1784;8732,25;1;0;0;0;0;1;0;1;0;0
913;0,7377;63;0;0,535;169,9;0,4621;71,8;0;1;0,3559;111;0,5071;191;0,0653;3973,2;1;0;0;0;1;0;1;0;0;0
914;0,4754;47;0;0,3951;163,1;0,8086;91,9;0;0,5;0,5254;121;0,3143;164;0,0589;3704;1;1;1;0;0;0;1;0;0;0
915;0,0984;24;0;0,2901;158;0,4724;72,4;0;0,5;0,2034;102;0,2786;159;0,1504;7553,74;1;0;0;0;0;1;0;0;1;0
916;0,7213;62;0;0,3519;161;0,3241;63,8;0;0,5;0,4746;118;0,6571;212;0,0542;3508,75;1;0;0;1;0;0;0;1;0;0
917;0,8197;68;1;0,5;168,2;0,7103;86,2;0;0,5;0,8136;138;0,5929;203;0,1657;8194,92;0;1;1;0;0;0;0;0;1;0
918;0,5082;49;1;0,6255;174,3;0,6672;83,7;0;0,5;0,5932;125;0,6;204;0,1248;6475,71;0;0;1;0;0;0;0;0;0;1
919;0,082;23;1;0,6543;175,7;0,3793;67;0;0,5;0,3729;112;0,3714;172;0,0543;3509,41;0;1;1;0;0;0;0;1;0;0
920;0,7213;62;0;0,3909;162,9;0,2276;58,2;0;0,5;0,5763;124;0,55;197;0,0954;5241,06;1;0;0;0;1;0;1;0;0;0
921;0,9344;75;1;0,8807;186,7;0,7362;87,7;0;0;0,678;130;0,3643;171;0,069;4128,27;1;1;1;0;0;0;0;0;0;1
922;0,2131;31;0;0,2819;157,6;0,3121;63,1;1;1;0,7458;134;0,4214;179;0,1246;6467,13;1;0;1;0;0;0;0;1;0;0
923;0,1475;27;0;0,3971;163,2;0,0897;50,2;0;0,5;0,4237;115;0,3143;164;0,3027;13959,27;0;0;1;0;0;0;0;1;0;0
924;0,7377;63;0;0,4053;163,6;0,1845;55,7;0;1;0,4407;116;0,6714;214;0,0781;4512,69;1;0;1;0;0;0;1;0;0;0
925;0,3279;38;1;0,6502;175,5;0,7293;87,3;0;0;0,3051;108;0,3929;175;0,1395;7093,17;1;0;0;1;0;0;0;1;0;0
926;0,7213;62;1;0,8107;183,3;0,6138;80,6;0;0,5;0,6102;126;0,5286;194;0,1015;5498,44;1;0;0;0;0;1;1;0;0;0
927;0,7049;61;1;0,8025;182,9;0,8017;91,5;1;0,5;0,6441;128;0,6286;208;0,1015;5497,39;0;1;1;0;0;0;1;0;0;0
928;0,2623;34;0;0,3889;162,8;0,0138;45,8;0;1;0,1695;100;0,5429;196;0,0897;5001,02;0;0;1;0;0;0;1;0;0;0
929;0,0328;20;0;0,3765;162,2;0,7207;86,8;0;0;0,4407;116;0,3643;171;0,0549;3537,91;0;0;0;0;0;1;0;0;1;0
930;0,5574;52;0;0,4053;163,6;0,0431;47,5;0;1;0,4407;116;0,5714;200;0,1235;6422,55;1;0;1;0;0;0;1;0;0;0
931;0,4098;43;1;0,5617;171,2;0,2793;61,2;0;0,5;0,4915;119;0,1714;144;0,0826;4701,46;0;0;1;0;0;0;1;0;0;0
932;0,8689;71;1;0,7284;179,3;0,6241;81,2;0;0,5;0,6441;128;0,3;162;0,053;3455,08;1;0;1;0;0;0;0;1;0;0
933;0,3607;40;1;0,9074;188;0,3948;67,9;0;0,5;0,322;109;0,0714;130;0,1852;9018,98;1;0;0;0;1;0;1;0;0;0
934;0,2459;33;0;0,4547;166;0,4241;69,6;0;0;0,5424;122;0,5571;198;0,1065;5707,32;1;0;0;0;1;0;0;0;0;1
935;0,8689;71;0;0,4321;164,9;0,4155;69,1;0;0,5;0,5085;120;0,6286;208;0,086;4846,2;1;0;1;0;0;0;1;0;0;0
936;0,7377;63;1;0,7366;179,7;0,6879;84,9;1;0;0,7119;132;0,8071;233;0,2232;10615,05;1;1;0;0;0;1;0;0;1;0
937;0,623;56;0;0,7119;178,5;0,2707;60,7;0;0,5;0,4237;115;0,3714;172;0,0224;2168,86;1;0;1;0;0;0;0;0;1;0
938;0,9672;77;1;0,7058;178,2;0,7069;86;0;0,5;0,7627;135;0,4786;187;0,2148;10264,13;1;1;1;0;0;0;0;1;0;0
939;0,7869;66;0;0,5123;168,8;0,369;66,4;0;0,5;0,5085;120;0,4929;189;0,054;3497,86;0;1;0;1;0;0;0;0;1;0
940;0,8689;71;1;0,5556;170,9;0,8879;96,5;1;0;1;149;0,9143;248;0,1144;6037,63;0;1;0;0;0;1;0;1;0;0
941;0,8033;67;1;0,9506;190,1;0,7;85,6;0;0;0,8983;143;0,8286;236;0,0671;4047,96;0;0;0;1;0;0;0;0;0;1
942;0,3934;42;0;0,3333;160,1;0,3207;63,6;1;0;0,5424;122;0,7;218;0,0522;3423,78;1;0;1;0;0;0;0;0;1;0
943;0,0492;21;1;0,5329;169,8;0,3724;66,6;0;0;0;90;0,4357;181;0,2199;10477,06;1;0;1;0;0;0;0;0;0;1
944;0,6066;55;1;0,8066;183,1;0,5672;77,9;0;0,5;0,6271;127;0,6571;212;0,2975;13740,57;0;0;0;0;0;1;0;1;0;0
945;0,7705;65;1;0,5041;168,4;0,5448;76,6;0;0;0,6102;126;0,5429;196;0,0864;4862,89;1;0;0;0;1;0;0;0;1;0
946;1;79;1;0,5761;171,9;0,3466;65,1;0;1;0,5085;120;0,5143;192;0,1235;6423,62;1;0;0;0;1;0;0;0;1;0
947;0,6885;60;0;0,3272;159,8;0,5724;78,2;0;0;0,5424;122;0,5357;195;0,1037;5588,66;1;0;0;1;0;0;0;0;1;0
948;0,5738;53;0;0,3498;160,9;0,2362;58,7;0;0;0,5254;121;0,3857;174;0,2776;12903,49;0;1;0;0;1;0;0;0;0;1
949;0,5738;53;0;0,4609;166,3;0,4517;71,2;0;1;0,6441;128;0,4286;180;0,0157;1888,29;1;0;0;0;0;1;0;0;0;1
950;0,1148;25;1;0,7181;178,8;0,6379;82;0;0;0,4407;116;0,25;155;0,1268;6558,79;0;0;0;0;1;0;0;0;0;1
951;0;18;0;0,249;156;0,281;61,3;0;0,5;0,4407;116;0,45;183;0,0606;3776,06;1;0;0;0;1;0;0;1;0;0
952;0,0328;20;1;0,8621;185,8;0,2362;58,7;0;1;0,339;110;0,3929;175;0,0106;1672,41;1;1;0;0;0;1;0;0;0;1
953;0,918;74;1;0,5535;170,8;0,6241;81,2;0;1;0,5593;123;0,75;225;0,0787;4535,7;1;1;0;0;1;0;0;1;0;0
954;0,7869;66;1;0,7922;182,4;0,619;80,9;0;0,5;0,4915;119;0,2786;159;0,2962;13684,57;1;1;0;0;1;0;0;0;0;1
955;0,2623;34;0;0,3477;160,8;0,3379;64,6;0;0;0,5424;122;0,7143;220;0,0638;3912,67;1;0;0;0;1;0;1;0;0;0
956;0,4262;44;0;0,5658;171,4;0,3828;67,2;0;0,5;0,5254;121;0,1929;147;0,1626;8065,76;1;0;0;0;1;0;0;0;1;0
957;0,4754;47;0;0,321;159,5;0,0103;45,6;0;1;0,5763;124;0,2571;156;0,206;9890,56;1;0;1;0;0;0;0;1;0;0
958;0,2459;33;0;0,3951;163,1;0;45;0;1;0,322;109;0,2786;159;0,0991;5397,29;1;0;0;0;0;1;0;1;0;0
959;0,4262;44;0;0,4465;165,6;0,3034;62,6;0;0;0,5424;122;0,6786;215;0,108;5768,85;0;1;0;0;1;0;0;0;1;0
960;0,3443;39;0;0,2654;156,8;0,3897;67,6;0;0,5;0,4746;118;0,4286;180;0,0256;2302,73;1;0;1;0;0;0;0;0;0;1
961;0,7049;61;0;0,3642;161,6;0,3983;68,1;1;0,5;0,6102;126;0,5643;199;0,0611;3796,82;1;1;1;0;0;0;0;0;0;1
962;0,7541;64;1;0,6049;173,3;0,8621;95;1;0;0,6271;127;0,5714;200;0,1741;8548,44;1;0;1;0;0;0;0;0;0;1
963;0,0984;24;1;0,6461;175,3;0,3828;67,2;0;0,5;0,1864;101;0,1357;139;0,1039;5598,98;1;0;1;0;0;0;0;1;0;0
964;0,459;46;1;0,6502;175,5;0,75;88,5;0;0;0,5085;120;0,6571;212;0,126;6526,79;1;0;0;0;0;1;1;0;0;0
965;1;79;0;0,5103;168,7;0,4293;69,9;0;0,5;0,7119;132;0,6786;215;0,1088;5805,6;0;1;1;0;0;0;0;0;1;0
966;0,8689;71;1;0,5535;170,8;0,6052;80,1;1;0;0,9831;148;0,9071;247;0,3572;16252,5;1;0;0;0;0;1;1;0;0;0
967;0,8033;67;0;0,4424;165,4;0,4672;72,1;0;0,5;0,3729;112;0,5714;200;0,0749;4379,72;0;1;1;0;0;0;0;0;1;0
968;0,7377;63;1;0,6235;174,2;0,7052;85,9;0;0;0,5593;123;0,1929;147;0,259;12121,12;1;1;0;0;1;0;0;0;1;0
969;0;18;0;0,1996;153,6;0,2017;56,7;1;0,5;0,3559;111;0,2357;153;0,1089;5806,61;1;0;1;0;0;0;1;0;0;0
970;0,9836;78;1;0,5761;171,9;0,7586;89;0;0;0,8305;139;0,7;218;0,2721;12671,36;0;1;1;0;0;0;0;1;0;0
971;0,7377;63;1;0,6872;177,3;0,4724;72,4;0;1;0,4576;117;0,4429;182;0,0408;2943,96;1;0;1;0;0;0;0;0;1;0
972;0,9016;73;1;0,3786;162,3;0,719;86,7;1;0;0,7797;136;0,6429;210;0,1124;5957,02;1;1;0;0;1;0;1;0;0;0
973;0,918;74;1;0,535;169,9;0,5828;78,8;0;0,5;0,4068;114;0,3857;174;0,0769;4461,13;1;1;1;0;0;0;0;1;0;0
974;0,2459;33;0;0,3745;162,1;0,25;59,5;0;0;0,5254;121;0,5786;201;0,1093;5823,96;0;0;1;0;0;0;0;0;0;1
975;0;18;1;0,5165;169;0,6086;80,3;0;0;0,3559;111;0,4429;182;0,2088;10008,48;0;0;0;0;0;1;1;0;0;0
976;0,6557;58;0;0,3868;162,7;0,3845;67,3;0;0;0,5254;121;0,6214;207;0,1269;6564,32;1;1;0;1;0;0;0;0;0;1
977;0,459;46;1;0,642;175,1;0,5293;75,7;0;0;0,5085;120;0,4071;177;0,2085;9998,51;0;0;1;0;0;0;1;0;0;0
978;0,0164;19;1;0,6646;176,2;0,5672;77,9;1;0;0,661;129;0,5143;192;0,0632;3885,04;1;0;0;0;1;0;1;0;0;0
979;0,2623;34;0;0,2984;158,4;0,431;70;0;0,5;0,2203;103;0,1857;146;0,0564;3599,62;1;0;1;0;0;0;1;0;0;0
980;1;79;1;0,6379;174,9;0,6776;84,3;0;0,5;0,5085;120;0,55;197;0,101;5475,57;0;0;0;1;0;0;0;0;0;1
981;0,3607;40;0;0,4321;164,9;0,3759;66,8;0;0;0,678;130;0,1071;135;0,0975;5327,69;1;0;0;0;1;0;1;0;0;0
982;0,2623;34;0;0,072;147,4;0,25;59,5;0;0,5;0,3729;112;0,15;141;0,0885;4949,64;1;0;1;0;0;0;0;0;1;0
983;0,6557;58;0;0,6214;174,1;0,4793;72,8;0;0,5;0,5932;125;0,4286;180;0,0508;3363,32;0;0;0;0;1;0;0;1;0;0
984;0,6721;59;1;0,6008;173,1;0,3741;66,7;1;0;0,7966;137;1;260;0,206;9890,46;1;0;0;1;0;0;1;0;0;0
985;0,3279;38;1;0,2716;157,1;0,6569;83,1;0;0,5;0,3898;113;0,1357;139;0,0785;4530,47;0;0;1;0;0;0;0;1;0;0
986;0,8525;70;0;0,3539;161,1;0,2672;60,5;0;0;0,6271;127;0,4214;179;0,2343;11081,57;1;1;0;0;1;0;0;0;1;0
987;0,5738;53;1;0,8498;185,2;0,4931;73,6;0;0;0,6949;131;0,5571;198;0,1008;5466,38;1;0;0;1;0;0;0;1;0;0
988;0,1475;27;1;0,7593;180,8;0,4466;70,9;1;0,5;0,6102;126;0,7071;219;0,1494;7511,68;1;1;1;0;0;0;1;0;0;0
989;0,3279;38;1;0,8292;184,2;0,7259;87,1;0;1;0,5254;121;0,4214;179;0,1415;7178,57;0;0;0;0;1;0;0;1;0;0
990;0,8525;70;0;0,4403;165,3;0,5328;75,9;1;1;0,5593;123;0,7357;223;0,0563;3597,03;1;0;0;0;0;1;1;0;0;0
991;0,082;23;0;0,3457;160,7;0,2776;61,1;1;1;0,6102;126;0,3857;174;0,126;6526,34;1;0;0;0;0;1;0;0;0;1
992;0;18;0;0,4012;163,4;0,3379;64,6;0;0,5;0,2203;103;0,2357;153;0,3095;14245,07;0;0;1;0;0;0;0;0;0;1
993;0,6557;58;0;0,2778;157,4;0,2379;58,8;0;0;0,5085;120;0,5571;198;0,1173;6159,84;0;1;1;0;0;0;0;0;1;0
994;0,4426;45;1;0,8045;183;0,5862;79;0;0,5;0,4068;114;0,3286;166;0,1735;8523,98;0;0;0;0;0;1;1;0;0;0
995;0,2459;33;0;0,2263;154,9;0,3552;65,6;0;0;0,5763;124;0,5429;196;0,1535;7682,01;1;0;1;0;0;0;1;0;0;0
996;0,4754;47;1;1;192,5;0,5603;77,5;0;0;0,6102;126;0,2714;158;0,1214;6332,97;1;1;0;0;1;0;0;0;1;0
997;0,1803;29;0;0,6481;175,4;0,4414;70,6;1;0;0,5424;122;0,6571;212;0,1126;5962,47;1;1;0;1;0;0;1;0;0;0
998;0,377;41;1;0,9239;188,8;0,4897;73,4;0;0,5;0,5254;121;0,4071;177;0,1406;7141,35;0;0;1;0;0;0;0;1;0;0
999;0,2295;32;0;0,5309;169,7;0,4448;70,8;0;0,5;0,3729;112;0,3357;167;0,16;7955,68;0;1;0;0;1;0;0;0;0;1
1000;0,5902;54;1;0,8333;184,4;0,4241;69,6;0;0;0,5085;120;0,3;162;0,0365;2762,57;0;0;1;0;0;0;0;1;0;0
